Player,Team,Season,Position,Minutes,Shots,SoT,G,xG,xPlace,G-xG,KeyP,A,xA,A-xA,xG+xA,PA,xPA,Passes,Pass %,xPass %,Score,Per100,Distance,Vertical,Touch %,Games,Dribbling,Fouling,Interrupting,Passing,Receiving,Shooting,Goals Added
Aaron Messer,NC,2021,CB,1,0,0,0,0.0,0.0,0.0,0,0,0.0,0.0,0.0,0.0,0.0,1,100.0%,95.0%,0.05,5.04,10.5,-10.35,0.2%,1,-0.0,0.0,0.01,-0.0,-0.0,-0.0,0.01
Aaron Molloy,MAD,2021,DM,2626,44,14,4,2.31,0.51,1.69,54,3,3.21,-0.21,5.53,1.96,1.5,2016,82.4%,80.3%,43.52,2.16,22.84,5.51,13.6%,27,0.72,0.12,0.68,1.24,-0.26,0.16,2.65
Aaron Walker,GVL,2021,CM,2356,32,8,5,2.55,1.56,2.45,17,3,1.21,1.79,3.76,1.77,1.68,1011,82.1%,81.0%,10.73,1.06,22.72,4.97,9.6%,25,-0.39,-0.04,0.2,-0.1,-0.32,0.37,-0.28
Abdi Mohamed,GVL,2021,FB,2129,11,3,0,0.57,-0.22,-0.57,25,3,3.19,-0.19,3.76,0.0,0.35,1173,73.8%,71.3%,29.43,2.51,22.58,5.89,10.3%,24,-0.18,-0.17,0.19,0.56,-0.25,-0.14,0.0
Abdul Illal Osumanu,OMA,2021,CB,1268,1,0,0,0.07,-0.07,-0.07,0,0,0.0,0.0,0.07,0.0,0.09,550,88.5%,87.3%,6.88,1.25,22.73,6.25,7.2%,15,-0.11,0.09,0.64,-0.24,-0.35,-0.18,-0.16
Abel Caputo,FTL,2021,DM,1234,7,1,1,0.77,-0.01,0.23,8,0,0.66,-0.66,1.43,0.39,0.42,464,84.9%,84.7%,1.16,0.25,20.77,2.01,4.9%,21,-0.04,0.24,-0.12,-0.22,-0.11,-0.22,-0.47
Abuchi Obinwa,TRM,2021,CM,1654,9,0,0,0.43,-0.43,-0.43,8,1,0.61,0.39,1.05,0.0,0.23,706,85.0%,86.3%,-9.53,-1.35,20.65,1.59,6.9%,23,-0.28,-0.18,-0.29,-0.28,-0.62,-0.24,-1.9
Adrian Billhardt,TRM,2021,W,225,9,2,0,0.63,-0.4,-0.63,2,1,0.2,0.8,0.83,0.0,0.44,73,64.4%,69.4%,-3.69,-5.05,21.01,0.93,5.2%,4,0.02,-0.02,0.07,-0.0,0.16,0.1,0.32
Aimé Mabika,FTL,2021,CB,1388,5,2,0,0.82,-0.47,-0.82,1,0,0.29,-0.29,1.1,0.0,0.23,822,90.4%,88.2%,17.68,2.15,23.49,7.45,11.6%,14,0.94,-0.06,2.02,0.05,-0.06,-0.06,2.83
Akira Fitzgerald,RIC,2021,GK,2685,0,0,0,0.0,0.0,0.0,1,0,0.09,-0.09,0.09,0.0,0.0,842,77.8%,77.4%,3.51,0.42,33.66,23.79,7.0%,27,,,,,,,
Ale Santana,NTX,2021,CM,281,6,1,1,0.95,-0.41,0.05,8,0,0.73,-0.73,1.68,0.94,0.73,90,80.0%,80.4%,-0.35,-0.39,15.63,0.64,3.5%,6,-0.18,-0.01,-0.08,0.08,0.43,0.01,0.25
Alec Marshall,CHA,2021,ST,7,0,0,0,0.0,0.0,0.0,0,0,0.0,0.0,0.0,0.0,0.0,0,0.0%,0.0%,0.0,0.0,0.0,0.0,0.0%,1,0.0,-0.0,-0.0,0.0,-0.01,-0.0,-0.02
Alex Bruce,NTX,2021,ST,594,11,4,1,2.32,-0.51,-1.32,2,0,0.27,-0.27,2.59,1.86,2.23,112,68.8%,73.4%,-5.25,-4.69,18.92,0.18,1.5%,18,-0.33,0.04,-0.06,-0.27,0.29,0.01,-0.33
Alex Knox,TUC,2021,FB,733,3,2,0,0.1,0.31,-0.1,0,0,0.0,0.0,0.1,0.0,0.07,285,79.3%,77.1%,6.16,2.16,19.32,4.64,3.0%,21,-0.13,-0.04,0.5,0.02,-0.3,-0.15,-0.11
Alex Monis,MAD,2021,W,26,1,1,0,0.03,-0.01,-0.03,0,0,0.0,0.0,0.03,0.0,0.01,6,66.7%,71.9%,-0.32,-5.26,18.15,2.74,1.9%,1,-0.02,-0.0,0.02,-0.01,-0.01,0.01,-0.01
Alex Morrell,GVL,2021,W,1391,29,9,0,1.93,-1.28,-1.93,21,1,2.42,-1.42,4.34,0.0,1.37,458,67.5%,70.7%,-14.75,-3.22,17.67,0.09,5.9%,21,-0.32,-0.06,-0.05,0.0,-0.19,0.02,-0.6
Alioune Diakhate,TUC,2021,W,71,2,1,0,0.37,-0.24,-0.37,2,0,0.25,-0.25,0.62,0.0,0.06,14,78.6%,58.7%,2.79,19.91,21.65,14.1,1.4%,4,0.34,-0.01,0.03,-0.15,-0.03,0.01,0.19
Alisson,NTX,2021,CB,729,7,0,0,0.45,-0.45,-0.45,2,0,0.05,-0.05,0.5,0.0,0.19,419,80.9%,82.1%,-4.93,-1.18,24.74,11.2,7.1%,11,-0.07,-0.54,0.28,0.36,-0.11,-0.09,-0.17
Allen Gavilanes,GVL,2021,W,1385,15,4,2,1.65,-0.01,0.35,36,3,4.75,-1.75,6.4,0.58,0.97,391,63.2%,63.3%,-0.53,-0.13,21.87,1.13,4.8%,24,-0.12,0.06,0.08,0.5,-0.42,-0.25,-0.14
Andreas Vaikla,TOR,2021,GK,1291,0,0,0,0.0,0.0,0.0,0,0,0.0,0.0,0.0,0.0,0.0,380,71.6%,72.2%,-2.19,-0.58,35.67,27.09,6.1%,13,,,,,,,
Andrew Booth,GVL,2021,CM,2142,46,10,2,4.51,-1.53,-2.51,18,1,1.22,-0.22,5.73,0.95,2.57,788,74.5%,76.6%,-16.73,-2.12,21.47,3.98,7.3%,27,-0.01,0.1,0.1,0.07,1.38,0.31,1.95
Angel Espana,CHA,2021,W,1218,18,6,3,1.55,0.07,1.45,16,0,1.7,-1.7,3.25,2.71,1.58,396,76.8%,75.8%,3.73,0.94,18.72,0.7,4.6%,22,-0.34,-0.19,-0.14,0.15,-0.1,0.07,-0.56
Antonio Carlini,TOR,2021,CM,2027,26,10,3,1.71,0.41,1.29,16,1,2.01,-1.01,3.72,0.74,1.07,720,87.1%,85.0%,14.84,2.06,16.73,0.92,5.8%,27,-0.36,0.06,-0.29,-0.0,-0.34,-0.08,-1.03
Antony Curic,TOR,2021,CB,964,6,1,0,0.65,-0.61,-0.65,1,0,0.17,-0.17,0.82,0.0,0.88,600,88.3%,87.0%,7.92,1.32,23.08,7.83,8.0%,15,0.18,0.04,-0.33,0.29,-0.13,-0.05,0.01
Audi Jepson,MAD,2021,CM,1379,20,1,0,1.58,-1.53,-1.58,20,3,2.07,0.93,3.65,0.0,1.18,657,81.0%,79.3%,11.04,1.68,18.17,2.17,5.7%,22,-0.26,-0.06,-0.07,0.09,0.23,-0.06,-0.13
Austin Aviza,RIC,2021,GK,100,0,0,0,0.0,0.0,0.0,0,0,0.0,0.0,0.0,0.0,0.0,27,88.9%,89.3%,-0.12,-0.46,28.51,16.79,5.8%,1,,,,,,,
Austin Panchot,OMA,2021,ST,381,5,3,0,0.23,-0.06,-0.23,3,0,0.45,-0.45,0.68,0.0,0.13,102,66.7%,71.0%,-4.46,-4.37,16.71,-0.64,1.9%,15,-0.05,-0.04,0.08,-0.05,-0.22,-0.04,-0.32
Azaad Liadi,TRM,2021,ST,2087,47,20,9,7.78,-0.27,1.22,18,5,1.64,3.36,9.42,4.86,4.95,333,70.0%,72.8%,-9.48,-2.85,16.08,-1.17,4.5%,27,-0.28,0.96,0.51,-0.06,0.32,0.11,1.56
Aziel Jackson,NC,2021,ST,877,17,8,1,1.55,0.88,-0.55,12,3,0.94,2.06,2.5,0.76,1.0,215,85.1%,81.8%,7.22,3.36,17.45,-1.03,4.8%,12,0.61,-0.06,-0.02,-0.09,-0.74,-0.12,-0.42
Benjamin Redzic,NTX,2021,W,162,2,1,0,0.35,-0.21,-0.35,3,0,0.23,-0.23,0.59,0.0,0.11,58,79.3%,75.9%,2.0,3.45,17.07,2.57,6.7%,2,0.2,0.01,-0.03,-0.02,-0.08,-0.04,0.03
Bernard Kamungo,NTX,2021,W,1113,24,10,5,2.57,1.23,2.43,14,0,1.43,-1.43,4.0,1.96,1.29,224,73.7%,74.5%,-1.97,-0.88,18.23,0.05,3.6%,21,0.75,0.03,0.28,-0.08,0.27,0.08,1.33
Blaine Ferri,NTX,2021,CM,1460,12,4,0,0.59,-0.2,-0.59,23,4,1.72,2.28,2.31,0.0,0.38,822,80.8%,79.0%,14.9,1.81,20.99,4.02,9.1%,19,0.34,-0.01,0.45,0.14,-0.25,-0.1,0.55
Blake Frischknecht,CHA,2021,ST,1064,33,12,1,4.16,-1.01,-3.16,9,1,0.66,0.34,4.82,0.73,3.18,198,66.2%,67.6%,-2.84,-1.43,15.7,-0.33,3.2%,19,-0.14,-0.13,-0.11,-0.06,0.97,0.2,0.72
Blake Malone,OMA,2021,CB,769,1,0,0,0.05,-0.05,-0.05,0,0,0.0,0.0,0.05,0.0,0.05,264,83.0%,83.0%,-0.13,-0.05,25.19,8.85,4.4%,13,-0.1,0.04,0.16,-0.24,-0.25,-0.11,-0.49
Brad Knighton,NER,2021,GK,199,0,0,0,0.0,0.0,0.0,0,0,0.0,0.0,0.0,0.0,0.0,57,77.2%,75.3%,1.06,1.86,39.07,30.2,5.4%,2,,,,,,,
Brandon Fricke,GVL,2021,CB,2531,16,2,1,2.48,-1.49,-1.48,4,1,0.78,0.23,3.25,0.55,1.79,1179,81.7%,79.2%,29.6,2.51,27.53,11.09,9.6%,27,-0.3,-0.32,-0.17,0.07,0.13,0.09,-0.49
Brandon Sanchez,TUC,2021,CM,79,0,0,0,0.0,0.0,0.0,0,0,0.0,0.0,0.0,0.0,0.0,28,92.9%,88.6%,1.18,4.22,19.15,-0.64,2.7%,2,-0.01,-0.0,0.02,-0.06,-0.02,-0.02,-0.09
Braxton Taghvai-Najib,FTL,2021,CM,1009,10,2,1,0.98,-0.22,0.02,6,1,0.78,0.22,1.76,0.0,0.32,364,76.1%,81.5%,-19.71,-5.42,19.52,1.91,3.7%,21,-0.22,0.01,0.06,-0.1,-0.12,-0.14,-0.51
Brian Rosales,FTL,2021,FB,1212,2,0,0,0.04,-0.04,-0.04,11,2,0.52,1.48,0.56,0.0,0.01,715,83.8%,83.8%,-0.46,-0.06,21.86,2.85,8.8%,16,0.14,0.01,0.75,-0.1,-0.25,-0.21,0.33
Brittain Gottlieb,TRM,2021,CB,60,1,0,0,0.17,-0.17,-0.17,0,0,0.0,0.0,0.17,0.0,0.16,28,53.6%,68.8%,-4.26,-15.2,16.26,2.13,1.2%,5,0.01,0.0,0.0,-0.05,0.06,-0.0,0.03
Britton Fischer,NC,2021,CB,1258,4,0,0,0.38,-0.38,-0.38,3,0,0.19,-0.19,0.58,0.0,0.21,723,86.5%,87.5%,-7.48,-1.03,23.28,7.53,8.9%,16,-0.28,0.11,0.16,-0.18,-0.24,-0.08,-0.52
Caden Tolentino,NC,2021,FB,1,0,0,0,0.0,0.0,0.0,0,0,0.0,0.0,0.0,0.0,0.0,0,0.0%,0.0%,0.0,0.0,0.0,0.0,0.0%,1,-0.0,0.0,-0.0,-0.0,-0.0,-0.0,-0.0
Caiser Gomes,NTX,2021,CB,1837,8,0,0,0.47,-0.47,-0.47,4,1,0.17,0.83,0.64,0.0,0.28,966,88.7%,86.9%,17.83,1.85,25.46,9.84,9.3%,20,-0.12,0.25,-0.42,0.2,0.17,-0.12,-0.05
Caleb Patterson-Sewell,TOR,2021,GK,1085,1,0,0,0.1,-0.1,-0.1,0,0,0.0,0.0,0.1,0.0,0.1,298,74.8%,76.4%,-4.72,-1.58,34.34,25.69,5.1%,11,,,,,,,
Cameron Vickers,RIC,2021,W,176,0,0,0,0.0,0.0,0.0,3,0,0.24,-0.24,0.24,0.0,0.0,28,46.4%,48.5%,-0.58,-2.07,20.98,2.36,1.0%,8,-0.02,-0.01,0.0,0.01,-0.11,-0.07,-0.19
Carlos Avilez,TRM,2021,GK,168,0,0,0,0.0,0.0,0.0,0,0,0.0,0.0,0.0,0.0,0.0,64,82.8%,81.8%,0.63,0.99,33.73,25.12,5.2%,2,,,,,,,
Carlos Gómez,MAD,2021,FB,683,13,2,0,1.17,-0.5,-1.17,5,0,0.64,-0.64,1.82,0.0,1.04,265,83.8%,81.5%,6.03,2.28,18.52,-1.22,3.1%,17,0.09,-0.02,0.07,-0.18,0.37,0.2,0.53
Cesar Cuellar,FTL,2021,W,80,0,0,0,0.0,0.0,0.0,2,0,0.49,-0.49,0.49,0.0,0.0,20,65.0%,67.5%,-0.51,-2.53,21.68,4.74,1.9%,3,-0.12,-0.01,0.01,0.19,-0.0,-0.04,0.03
Cesar Murillo,GVL,2021,CB,1167,11,1,0,0.37,0.25,-0.37,1,0,0.06,-0.06,0.43,0.0,0.19,570,76.1%,76.7%,-3.06,-0.54,22.33,9.44,7.4%,18,0.07,0.02,-0.35,0.22,-0.44,0.0,-0.49
Charlie Dennis,TUC,2021,CM,1885,44,17,9,5.66,1.26,3.34,42,8,3.65,4.35,9.31,5.48,3.41,882,74.5%,74.4%,0.64,0.07,24.5,5.55,8.3%,24,0.01,0.03,-0.08,0.24,0.3,0.29,0.78
Chris Brady,MAD,2021,GK,103,0,0,0,0.0,0.0,0.0,0,0,0.0,0.0,0.0,0.0,0.0,27,96.3%,94.1%,0.6,2.24,23.67,12.32,4.2%,1,,,,,,,
Chris Cole,RIC,2021,FB,1414,10,2,1,0.49,0.21,0.51,9,2,1.52,0.48,2.01,0.71,0.36,571,65.1%,68.7%,-19.98,-3.5,22.6,8.72,8.2%,18,-0.18,0.0,0.05,0.2,0.01,-0.04,0.05
Christian Díaz,MAD,2021,FB,1386,6,1,0,0.18,0.28,-0.18,17,1,1.78,-0.78,1.96,0.0,0.13,939,79.1%,76.8%,21.66,2.31,21.01,8.09,9.1%,19,-0.23,0.12,0.72,1.07,-0.21,-0.11,1.36
Christian Enriquez,MAD,2021,CM,1129,12,3,1,0.45,0.26,0.55,7,0,0.4,-0.4,0.85,0.66,0.33,463,87.0%,86.1%,4.53,0.98,17.72,0.57,6.7%,15,-0.15,-0.02,0.1,-0.61,-0.09,-0.06,-0.84
Christian Mafla,NER,2021,FB,247,5,2,0,0.21,0.3,-0.21,1,0,0.24,-0.24,0.46,0.0,0.14,142,78.9%,76.2%,3.84,2.71,18.04,4.2,8.9%,3,0.09,0.04,-0.09,-0.09,0.02,0.05,0.01
Christian Molina,OMA,2021,W,232,1,0,0,0.18,-0.18,-0.18,2,0,0.07,-0.07,0.25,0.0,0.16,75,76.0%,76.3%,-0.25,-0.34,15.21,-0.36,1.8%,9,-0.06,0.03,-0.09,-0.03,-0.04,-0.06,-0.24
Christian Young,FTL,2021,FB,1318,1,1,1,0.08,0.47,0.92,13,2,2.16,-0.16,2.25,0.21,0.02,643,74.3%,74.0%,2.05,0.32,21.65,5.0,8.8%,16,-0.16,0.01,0.16,0.54,-0.27,-0.19,0.09
Clayton Adams,TRM,2021,W,209,2,2,0,0.13,0.15,-0.13,2,0,0.05,-0.05,0.18,0.0,0.08,55,70.9%,78.1%,-3.97,-7.21,18.09,-2.57,1.5%,10,-0.03,0.0,-0.03,0.0,-0.12,-0.04,-0.22
Colby Quinones,NER,2021,FB,1098,6,2,0,0.15,0.16,-0.15,10,1,1.13,-0.13,1.28,0.0,0.09,607,78.3%,77.1%,6.81,1.12,18.69,2.6,5.7%,20,-0.09,0.02,0.43,-0.0,-0.15,-0.12,0.09
Cole Dewhurst,NER,2021,ST,12,0,0,0,0.0,0.0,0.0,0,0,0.0,0.0,0.0,0.0,0.0,1,100.0%,99.1%,0.01,0.88,22.26,-5.98,0.4%,1,0.0,-0.0,-0.0,0.0,-0.02,-0.01,-0.03
Cole McLagan,GVL,2021,FB,309,3,0,0,0.22,-0.22,-0.22,1,0,0.03,-0.03,0.25,0.0,0.17,113,59.3%,65.3%,-6.78,-6.0,20.58,9.45,3.3%,9,0.05,-0.02,-0.1,-0.02,-0.17,-0.01,-0.26
Colin Shutler,NTX,2021,GK,980,0,0,0,0.0,0.0,0.0,0,0,0.0,0.0,0.0,0.0,0.0,340,85.9%,87.3%,-4.8,-1.41,28.48,17.52,6.4%,10,,,,,,,
Collin McCamy,NC,2021,FB,72,0,0,0,0.0,0.0,0.0,0,0,0.0,0.0,0.0,0.0,0.0,23,65.2%,78.6%,-3.09,-13.41,18.16,5.06,1.5%,4,-0.0,0.02,-0.04,-0.03,-0.03,-0.02,-0.1
Collin Smith,NTX,2021,FB,1763,15,3,0,0.91,-0.85,-0.91,10,0,0.99,-0.99,1.9,0.0,0.57,744,77.1%,75.9%,9.02,1.21,19.95,5.17,6.0%,27,0.4,0.02,-0.72,0.1,-0.49,-0.16,-0.84
Collin Verfurth,NER,2021,CB,1761,7,1,0,0.72,-0.5,-0.72,3,0,0.24,-0.24,0.96,0.0,0.56,1118,89.3%,86.8%,27.4,2.45,24.23,9.54,10.3%,19,0.07,0.11,0.25,0.46,0.2,-0.06,1.03
Connor Presley,NER,2021,FB,1400,22,5,1,1.89,-0.33,-0.89,13,2,2.26,-0.26,4.14,0.84,1.34,562,70.5%,72.3%,-10.51,-1.87,17.71,2.32,7.1%,17,-0.44,0.02,-0.22,-0.42,0.12,0.27,-0.67
Connor Tobin,MAD,2021,CB,2757,12,3,2,2.15,-0.52,-0.15,3,0,0.11,-0.11,2.26,1.53,1.1,1561,84.8%,82.5%,35.69,2.29,24.79,10.81,10.2%,28,0.38,-0.18,0.53,0.46,0.52,-0.06,1.65
Conor Doyle,OMA,2021,W,2554,22,3,0,1.45,-0.95,-1.45,23,6,2.05,3.95,3.51,0.0,1.05,957,71.1%,72.5%,-13.96,-1.46,20.43,5.98,7.5%,28,-0.55,-0.17,0.04,1.12,-1.03,-0.65,-1.24
Craig McCall,TRM,2021,CM,120,0,0,0,0.0,0.0,0.0,0,0,0.0,0.0,0.0,0.0,0.0,56,67.9%,72.8%,-2.74,-4.9,24.2,9.23,1.6%,9,-0.05,-0.01,0.02,0.07,-0.04,-0.04,-0.04
Cristian Zaragoza,CHA,2021,W,16,1,0,0,0.14,-0.14,-0.14,0,0,0.0,0.0,0.14,0.0,0.0,3,66.7%,64.5%,0.07,2.18,18.64,-17.77,0.4%,2,-0.02,-0.0,-0.01,-0.01,0.02,0.03,0.02
Curtis De Leon,NC,2021,CB,7,0,0,0,0.0,0.0,0.0,0,0,0.0,0.0,0.0,0.0,0.0,1,0.0%,18.6%,-0.19,-18.6,0.0,0.0,0.4%,1,-0.0,0.0,-0.0,-0.0,-0.0,-0.0,-0.01
Curtis Thorn,TRM,2021,CB,2589,9,3,1,0.59,-0.01,0.41,12,2,1.25,0.75,1.84,0.27,0.4,1504,83.7%,81.2%,37.12,2.47,20.36,3.63,11.2%,27,-0.25,-0.08,-0.36,-0.63,-0.01,-0.06,-1.4
Cyrus Rad,MAD,2021,CB,1169,1,0,0,0.07,-0.07,-0.07,5,1,0.5,0.5,0.57,0.0,0.04,727,73.9%,74.2%,-2.4,-0.33,22.91,11.42,11.4%,12,0.24,0.08,-0.32,0.28,-0.22,-0.12,-0.06
Dairon Reyes,FTL,2021,W,231,5,0,0,0.13,-0.13,-0.13,4,1,0.24,0.76,0.37,0.0,0.09,90,81.1%,79.5%,1.43,1.59,20.0,2.34,2.2%,11,-0.05,-0.03,0.03,0.02,-0.11,-0.09,-0.23
Dakota Barnathan,TUC,2021,CB,1702,4,0,0,1.28,-1.28,-1.28,3,0,0.15,-0.15,1.43,0.0,0.41,808,78.7%,80.5%,-14.66,-1.81,25.14,12.41,7.2%,23,-0.24,0.08,-0.03,-0.2,-0.22,-0.04,-0.66
Dallas Jaye,GVL,2021,GK,1778,0,0,0,0.0,0.0,0.0,0,0,0.0,0.0,0.0,0.0,0.0,601,72.4%,70.2%,13.24,2.2,36.77,28.37,6.7%,18,,,,,,,
Daltyn Knutson,OMA,2021,CB,1953,10,4,1,2.04,-0.54,-1.04,5,1,0.38,0.62,2.43,1.31,2.15,868,84.9%,82.6%,20.31,2.34,24.23,9.85,8.5%,21,0.01,0.11,0.38,-0.2,0.03,0.13,0.46
Damia Viader I Masdeu,OMA,2021,FB,2637,34,17,6,2.98,0.49,3.02,58,5,5.4,-0.4,8.37,1.49,1.54,1574,70.8%,71.1%,-5.01,-0.32,21.68,5.67,12.8%,28,0.64,0.08,0.6,-0.09,-0.25,0.31,1.29
Damian Gallegos,RIC,2021,ST,17,0,0,0,0.0,0.0,0.0,1,0,0.01,-0.01,0.01,0.0,0.0,5,40.0%,80.8%,-2.04,-40.78,25.3,8.34,1.1%,1,0.01,-0.0,0.0,-0.03,-0.03,-0.01,-0.06
Damian Las,NC,2021,GK,200,0,0,0,0.0,0.0,0.0,0,0,0.0,0.0,0.0,0.0,0.0,79,81.0%,85.0%,-3.16,-4.0,29.77,18.3,7.8%,2,,,,,,,
Damian Rivera,NER,2021,W,2238,67,22,6,7.91,-2.67,-1.91,28,1,2.82,-1.82,10.74,2.55,5.11,668,76.0%,75.9%,1.17,0.18,18.63,1.98,7.0%,25,2.85,0.16,-0.07,0.36,0.07,0.48,3.84
Daniel Bedoya,TUC,2021,CM,1538,20,5,3,1.72,0.7,1.28,33,3,2.23,0.77,3.94,2.0,1.35,873,80.1%,80.7%,-5.18,-0.59,23.16,4.94,7.0%,26,-0.03,0.12,-0.17,0.38,-0.44,0.02,-0.13
Daniel Steedman,NC,2021,CM,506,8,0,0,0.4,-0.4,-0.4,3,0,0.19,-0.19,0.6,0.0,0.24,228,77.2%,81.7%,-10.23,-4.49,20.32,3.77,6.8%,8,-0.01,0.04,0.28,-0.08,0.05,-0.07,0.21
Dante Campbell,TOR,2021,CM,1108,6,1,0,0.45,-0.1,-0.45,5,0,0.19,-0.19,0.64,0.0,0.28,450,80.7%,81.3%,-2.78,-0.62,20.97,5.17,5.0%,20,-0.06,0.21,0.11,0.15,-0.28,-0.23,-0.09
David Texeira,CHA,2021,ST,179,3,2,0,0.5,0.26,-0.5,0,0,0.0,0.0,0.5,0.0,0.36,34,67.7%,73.7%,-2.06,-6.06,13.67,-3.5,2.9%,3,-0.1,-0.01,-0.02,-0.05,0.18,-0.02,-0.02
Dennis Ramirez,NER,2021,CM,114,1,1,0,0.02,0.02,-0.02,0,0,0.0,0.0,0.02,0.0,0.0,71,88.7%,89.3%,-0.42,-0.6,19.66,1.57,1.7%,8,-0.07,-0.05,0.06,-0.04,-0.05,-0.01,-0.16
Denso Ulysse,RIC,2021,FB,52,0,0,0,0.0,0.0,0.0,0,0,0.0,0.0,0.0,0.0,0.0,16,43.8%,58.6%,-2.37,-14.8,13.95,5.37,3.0%,2,-0.03,0.0,0.07,-0.09,-0.01,-0.01,-0.07
Derek Gebhard,MAD,2021,W,2434,44,14,5,5.51,-0.47,-0.51,22,1,1.73,-0.73,7.24,3.76,4.46,860,78.6%,77.8%,6.46,0.75,16.68,0.19,7.6%,27,1.06,0.31,0.02,-1.4,0.6,0.65,1.22
Derek Waldeck,NTX,2021,FB,2245,12,1,0,1.2,-1.05,-1.2,26,4,2.68,1.32,3.89,0.0,0.95,1469,76.9%,76.0%,13.2,0.9,22.21,5.91,10.5%,27,-0.15,0.12,-0.07,0.58,-0.04,-0.03,0.41
Deri Corfe,TUC,2021,W,1922,69,31,7,5.73,0.81,1.27,19,2,2.09,-0.09,7.82,3.49,3.37,632,81.3%,78.3%,19.37,3.07,16.19,-0.3,6.5%,26,1.27,-0.0,-0.34,-0.51,0.34,0.81,1.57
Devante Dubose,RIC,2021,FB,55,0,0,0,0.0,0.0,0.0,0,0,0.0,0.0,0.0,0.0,0.0,6,66.7%,67.6%,-0.06,-0.97,26.57,21.21,1.0%,3,-0.03,-0.04,-0.16,-0.01,-0.01,-0.01,-0.27
Devin Benton,NTX,2021,CB,257,0,0,0,0.0,0.0,0.0,1,0,0.04,-0.04,0.04,0.0,0.0,141,81.6%,82.8%,-1.75,-1.24,23.28,4.66,3.6%,8,-0.02,-0.04,0.15,0.1,-0.19,-0.1,-0.09
Devin Boyce,OMA,2021,W,2192,34,14,4,2.17,2.41,1.83,39,8,4.25,3.75,6.41,1.18,1.2,993,72.2%,72.7%,-4.82,-0.49,18.75,2.25,8.8%,27,-0.11,-0.22,-0.01,0.89,-1.0,-0.23,-0.68
Dominick Hernandez,NTX,2021,ST,1689,28,13,3,3.44,-0.4,-0.44,28,3,3.28,-0.28,6.71,0.97,1.46,619,70.3%,73.3%,-18.54,-2.99,19.5,5.18,7.2%,21,0.46,-0.39,0.13,0.89,-0.07,0.06,1.09
Don Smart,GVL,2021,W,1289,21,4,2,2.27,-0.42,-0.27,30,2,2.09,-0.09,4.36,1.68,1.76,446,73.1%,72.3%,3.54,0.79,23.39,1.36,5.3%,21,-0.31,-0.1,-0.21,-0.17,0.32,-0.11,-0.59
Drake Callender,FTL,2021,GK,1678,0,0,0,0.0,0.0,0.0,1,0,0.05,-0.05,0.05,0.0,0.0,718,81.2%,82.5%,-9.45,-1.32,31.64,21.26,8.0%,17,,,,,,,
Drew Hardin,FTL,2021,CM,639,9,1,1,1.51,-0.67,-0.51,5,1,0.64,0.36,2.15,0.88,1.17,154,80.5%,83.5%,-4.53,-2.94,20.72,2.36,2.5%,15,0.21,-0.02,-0.07,-0.43,0.32,0.05,0.07
Drew Kerr,NC,2021,CM,10,0,0,0,0.0,0.0,0.0,0,0,0.0,0.0,0.0,0.0,0.0,4,75.0%,61.5%,0.54,13.53,11.78,8.32,0.7%,1,0.0,-0.0,0.02,0.01,-0.0,-0.0,0.03
Dylan Castanheira,FTL,2021,GK,205,0,0,0,0.0,0.0,0.0,0,0,0.0,0.0,0.0,0.0,0.0,117,83.8%,83.0%,0.91,0.78,30.25,20.1,12.2%,2,,,,,,,
Earl Edwards Jr.,NER,2021,GK,387,0,0,0,0.0,0.0,0.0,0,0,0.0,0.0,0.0,0.0,0.0,102,83.3%,75.3%,8.15,7.99,34.44,27.67,4.0%,4,,,,,,,
Edison Azcona,FTL,2021,W,882,17,6,3,1.31,0.51,1.69,11,1,0.72,0.28,2.03,1.67,0.72,372,76.9%,81.7%,-18.0,-4.84,19.45,1.83,7.5%,12,0.13,-0.06,-0.19,0.18,-0.08,0.02,0.02
Edward Kizza,NER,2021,ST,1075,32,18,5,5.2,1.18,-0.2,8,0,0.4,-0.4,5.6,2.63,3.2,225,76.9%,81.5%,-10.25,-4.56,15.78,-4.88,4.6%,12,-0.47,-0.21,-0.05,-0.6,0.61,0.19,-0.53
Edwin Cerrillo,NTX,2021,DM,98,0,0,0,0.0,0.0,0.0,3,2,0.22,1.78,0.22,0.0,0.0,61,90.2%,85.3%,2.95,4.83,20.39,3.16,12.7%,1,-0.0,0.02,0.06,-0.03,0.01,-0.02,0.04
Edwin Munjoma,NTX,2021,FB,788,15,6,3,1.33,0.52,1.67,7,1,0.83,0.17,2.15,1.18,0.68,388,79.1%,78.5%,2.31,0.6,19.74,4.34,10.6%,8,-0.0,-0.0,0.12,-0.21,0.24,0.09,0.24
Elma N'For,OMA,2021,ST,485,10,2,0,1.16,-0.88,-1.16,6,0,0.35,-0.35,1.51,0.0,1.09,146,74.0%,73.3%,0.96,0.66,16.42,-3.58,2.6%,15,-0.24,-0.0,-0.12,0.0,0.48,-0.04,0.08
Emiliano Terzaghi,RIC,2021,ST,2498,85,40,18,15.62,1.98,2.38,16,2,1.17,0.83,16.79,9.52,9.82,435,68.3%,75.0%,-29.08,-6.69,18.54,3.94,5.9%,27,-1.57,0.45,-0.12,-0.13,0.97,1.06,0.68
Emir Alihodzic,OMA,2021,CM,1365,16,3,2,1.2,-0.14,0.8,13,2,1.52,0.48,2.72,0.7,0.82,610,77.0%,77.8%,-4.7,-0.77,23.62,4.63,5.2%,27,-0.19,-0.03,0.44,0.3,-0.34,-0.17,0.01
Enric Bernat,TOR,2021,CM,574,3,0,0,0.11,-0.11,-0.11,3,1,0.35,0.65,0.46,0.0,0.07,308,85.4%,87.2%,-5.45,-1.77,22.15,2.72,6.8%,9,-0.07,-0.03,-0.38,-0.02,-0.2,-0.14,-0.84
Eric Leonard,MAD,2021,CB,1874,10,2,0,0.36,-0.23,-0.36,8,1,0.39,0.61,0.75,0.0,0.21,1081,79.8%,78.2%,17.34,1.6,22.91,9.68,9.2%,23,0.05,-0.42,-0.28,0.28,-0.27,-0.02,-0.67
Erickson Gallardo,TOR,2021,W,91,3,1,0,0.62,-0.59,-0.62,2,1,0.7,0.3,1.32,0.0,0.04,30,73.3%,63.9%,2.84,9.47,19.58,1.34,2.0%,3,0.01,-0.01,-0.01,0.08,0.44,-0.0,0.51
Esmir Bajraktarevic,NER,2021,W,509,8,3,1,0.67,0.05,0.33,3,0,0.17,-0.17,0.84,0.41,0.35,125,72.0%,74.9%,-3.58,-2.86,17.19,1.95,3.1%,11,0.04,-0.03,-0.08,-0.11,-0.29,-0.05,-0.52
Esteban Calvo,RIC,2021,FB,2106,2,0,0,0.02,-0.02,-0.02,2,0,0.05,-0.05,0.07,0.0,0.03,871,76.6%,77.6%,-9.33,-1.07,21.14,4.35,9.3%,23,-0.09,-0.19,0.23,-0.35,-0.45,-0.3,-1.14
Ethan Bryant,RIC,2021,CM,952,12,3,0,0.45,-0.22,-0.45,8,0,0.41,-0.41,0.86,0.0,0.41,289,70.2%,73.7%,-9.89,-3.42,21.85,4.07,6.9%,12,-0.15,-0.08,-0.07,0.11,-0.33,-0.09,-0.62
Ethan Hardin,FTL,2021,CB,1874,8,2,1,0.71,0.1,0.29,3,1,1.21,-0.21,1.91,1.37,0.51,1250,88.8%,88.8%,-0.5,-0.04,25.2,5.87,12.4%,19,-0.38,0.13,0.2,-0.02,0.01,-0.06,-0.12
Ethan Vanacore-Decker,OMA,2021,W,574,15,5,0,1.09,-0.46,-1.09,4,0,0.33,-0.33,1.42,0.0,0.75,154,78.6%,76.6%,3.06,1.98,17.68,0.83,4.3%,11,0.27,-0.01,-0.04,-0.1,-0.29,0.02,-0.16
Evan Conway,OMA,2021,ST,1196,35,20,10,5.69,1.0,4.31,12,1,0.58,0.42,6.27,4.57,3.43,259,61.8%,65.5%,-9.69,-3.74,15.47,0.35,5.1%,16,-0.14,0.44,-0.08,0.03,0.43,0.25,0.93
Evan Lee,GVL,2021,CB,1959,11,0,0,0.66,-0.66,-0.66,7,0,0.59,-0.59,1.25,0.0,0.64,850,83.7%,82.1%,13.36,1.57,24.14,9.33,8.5%,22,0.1,0.2,-0.4,0.14,-0.08,-0.03,-0.06
Felipe Valencia,FTL,2021,CM,67,1,0,0,0.03,-0.03,-0.03,0,0,0.0,0.0,0.03,0.0,0.03,15,53.3%,71.3%,-2.7,-17.97,14.84,2.82,0.7%,6,-0.01,-0.01,-0.03,-0.05,-0.03,0.0,-0.13
Ferrety Sousa,OMA,2021,FB,2399,14,2,1,0.4,-0.3,0.6,23,1,2.02,-1.02,2.42,0.54,0.31,1292,77.5%,74.6%,37.08,2.87,20.58,7.53,10.4%,27,-0.3,-0.26,-0.14,0.51,-0.37,-0.14,-0.71
Francisco Raggio,FTL,2021,CM,50,3,0,0,0.17,-0.17,-0.17,0,0,0.0,0.0,0.17,0.0,0.14,18,66.7%,68.9%,-0.4,-2.25,20.44,4.2,1.2%,4,0.05,-0.01,-0.02,0.02,-0.03,0.03,0.04
Franco Pérez,TUC,2021,ST,276,7,3,0,1.48,-0.37,-1.48,1,0,0.08,-0.08,1.55,0.0,0.93,52,71.2%,76.3%,-2.66,-5.11,15.24,-0.94,1.9%,9,-0.04,0.03,-0.04,-0.15,0.07,-0.09,-0.21
Francois Dulysse,NER,2021,CB,679,5,1,0,0.57,-0.4,-0.57,4,0,0.19,-0.19,0.76,0.0,0.13,381,87.7%,86.4%,4.85,1.27,22.31,8.28,6.5%,11,-0.17,-0.21,0.14,0.15,0.09,-0.02,-0.02
Frank Nodarse,FTL,2021,CB,313,5,0,0,0.27,-0.27,-0.27,0,0,0.0,0.0,0.27,0.0,0.24,212,91.5%,90.0%,3.15,1.49,24.38,6.26,7.3%,6,-0.02,0.01,0.22,0.06,0.05,-0.06,0.27
Freddy Vargas,NTX,2021,ST,328,7,3,1,0.63,-0.33,0.37,2,1,0.88,0.12,1.51,0.36,0.38,123,73.2%,76.7%,-4.35,-3.54,19.25,-0.73,8.0%,4,0.2,0.02,0.02,0.39,-0.2,-0.11,0.32
Gabriel de Morais,NTX,2021,ST,421,10,3,1,1.19,-0.2,-0.19,3,0,1.02,-1.02,2.21,0.03,0.41,82,59.8%,66.8%,-5.82,-7.09,15.88,2.73,2.4%,10,-0.31,0.16,-0.08,0.04,0.28,-0.06,0.03
Garrett McLaughlin,TOR,2021,ST,1738,49,22,8,10.89,-2.1,-2.89,12,1,1.2,-0.2,12.09,4.69,8.45,322,74.8%,77.5%,-8.43,-2.62,14.43,-2.81,3.6%,25,-0.1,0.11,0.75,-0.36,0.9,0.19,1.48
George Acosta,FTL,2021,CM,1703,47,11,4,2.33,0.4,1.67,40,7,3.35,3.65,5.68,0.98,1.33,974,80.0%,79.8%,1.33,0.14,22.72,6.02,9.5%,21,-0.0,-0.15,-0.74,1.32,-0.13,0.28,0.58
Gerard Lavergne,TUC,2021,DM,18,0,0,0,0.0,0.0,0.0,0,0,0.0,0.0,0.0,0.0,0.0,13,76.9%,83.3%,-0.83,-6.37,26.7,6.61,1.9%,1,0.01,0.0,-0.01,-0.01,-0.0,-0.0,-0.01
Gibran Rayo,NTX,2021,W,2098,47,19,6,5.99,0.5,0.01,24,2,2.36,-0.36,8.35,2.07,3.9,645,81.1%,81.3%,-1.31,-0.2,17.33,-0.66,6.5%,25,1.08,0.23,-0.29,-0.86,0.03,0.3,0.49
Giovanni Calixtro,TUC,2021,ST,1725,41,11,4,5.14,-0.6,-1.14,16,4,1.81,2.19,6.95,1.35,2.89,408,81.4%,79.6%,7.15,1.75,15.5,0.91,4.6%,25,-0.58,-0.07,-0.32,0.66,-0.05,0.12,-0.26
Grant Hampton,TRM,2021,DM,11,0,0,0,0.0,0.0,0.0,0,0,0.0,0.0,0.0,0.0,0.0,7,71.4%,77.0%,-0.39,-5.53,13.17,-2.55,1.4%,1,0.01,0.01,-0.01,-0.03,0.0,-0.0,-0.02
Greg Hurst,OMA,2021,ST,2375,69,26,13,9.55,1.75,3.45,22,1,1.5,-0.5,11.04,4.54,5.23,373,70.0%,75.2%,-19.61,-5.26,17.38,-0.33,4.3%,28,-0.42,0.13,0.01,-0.51,0.75,0.3,0.26
Gustavo Fernandes,MAD,2021,CB,1394,4,2,0,0.25,0.02,-0.25,8,1,0.49,0.51,0.74,0.0,0.09,920,86.0%,84.3%,15.17,1.65,23.75,9.4,10.6%,15,0.22,0.09,-0.23,0.41,-0.1,-0.08,0.31
Harvey Neville,FTL,2021,CM,1994,9,2,0,0.87,-0.17,-0.87,18,1,2.13,-1.13,3.0,0.0,0.88,912,79.5%,80.7%,-10.54,-1.16,22.7,4.25,8.7%,21,-0.16,0.03,-0.67,0.08,-0.41,-0.25,-1.38
Hernán González,RIC,2021,ST,431,8,2,0,1.01,-0.55,-1.01,1,0,0.12,-0.12,1.13,0.0,0.56,124,66.9%,69.6%,-3.26,-2.63,14.46,-1.78,1.9%,19,0.15,-0.07,0.02,-0.18,0.06,-0.09,-0.12
Hikaru Fujiwara,NER,2021,CM,705,12,4,0,1.98,-1.15,-1.98,16,3,2.48,0.52,4.46,0.0,0.45,294,77.2%,76.3%,2.8,0.95,17.81,1.29,3.0%,21,-0.14,0.02,-0.03,0.47,0.35,0.09,0.77
Hope Avayevu,NTX,2021,W,471,8,2,0,0.78,-0.4,-0.78,8,2,0.95,1.05,1.73,0.0,0.4,181,63.0%,69.7%,-12.08,-6.67,20.15,4.11,2.5%,18,0.13,0.05,0.02,-0.2,0.3,-0.03,0.27
Hugo Mbongue,TOR,2021,ST,148,4,0,0,0.74,-0.74,-0.74,1,0,0.14,-0.14,0.88,0.0,1.01,27,81.5%,75.0%,1.74,6.46,16.28,-3.77,1.0%,10,0.1,-0.03,-0.02,0.17,0.23,-0.07,0.38
Ian Antley,RIC,2021,FB,28,0,0,0,0.0,0.0,0.0,1,0,0.04,-0.04,0.04,0.0,0.0,15,93.3%,80.6%,1.91,12.74,21.33,8.05,4.1%,1,-0.02,0.0,0.01,0.04,-0.01,-0.0,0.02
Ivan Magalhaes,RIC,2021,CB,2577,15,6,1,1.01,1.59,-0.01,3,1,0.42,0.58,1.42,0.1,0.67,1218,79.1%,79.1%,0.21,0.02,25.58,11.68,11.8%,26,-0.12,0.19,0.21,-0.17,-0.17,0.12,0.06
Jackson Dietrich,CHA,2021,W,768,19,4,2,1.72,0.24,0.28,6,1,0.77,0.23,2.49,1.98,1.17,181,68.5%,72.6%,-7.35,-4.06,17.2,-2.21,2.7%,20,-0.18,0.07,-0.19,-0.17,0.57,0.29,0.39
Jacob Goodall,GVL,2021,FB,610,5,1,0,0.25,0.16,-0.25,7,0,0.77,-0.77,1.02,0.0,0.05,221,69.2%,66.0%,7.07,3.2,23.4,8.85,3.4%,17,-0.28,-0.07,0.66,0.22,-0.31,-0.09,0.13
Jacob Shaffelburg,TOR,2021,W,88,1,0,0,0.05,-0.05,-0.05,0,0,0.0,0.0,0.05,0.0,0.02,32,62.5%,59.8%,0.86,2.7,14.37,2.53,5.9%,1,0.04,0.01,-0.02,-0.06,0.1,-0.02,0.04
Jahkeele Marshall-Rutty,TOR,2021,W,525,3,1,1,0.21,0.19,0.79,7,1,0.51,0.49,0.72,0.64,0.15,205,88.8%,83.9%,9.98,4.87,15.96,-2.44,5.9%,7,-0.22,0.2,-0.01,0.1,-0.29,-0.13,-0.35
Jaime Ponce,OMA,2021,CB,68,0,0,0,0.0,0.0,0.0,0,0,0.0,0.0,0.0,0.0,0.0,10,60.0%,76.9%,-1.69,-16.86,22.27,1.06,3.5%,1,-0.01,-0.0,-0.22,-0.05,-0.01,-0.01,-0.29
Jake Crull,OMA,2021,CB,1731,5,1,0,0.14,-0.12,-0.14,2,0,0.28,-0.28,0.42,0.0,0.06,754,80.8%,79.1%,12.82,1.7,23.48,10.26,7.6%,21,-0.11,0.12,-0.25,0.12,-0.43,-0.19,-0.74
Jake Keegan,MAD,2021,ST,2125,64,24,6,6.21,-0.2,-0.21,15,3,1.41,1.59,7.62,3.67,3.95,433,71.1%,73.5%,-10.06,-2.32,16.72,-0.09,4.4%,23,0.26,-0.29,-0.46,-0.28,-0.46,0.3,-0.92
Jake McGuire,NC,2021,GK,2078,0,0,0,0.0,0.0,0.0,0,0,0.0,0.0,0.0,0.0,0.0,900,79.2%,78.0%,11.32,1.26,32.22,22.74,7.7%,21,,,,,,,
Jake Rozhansky,NER,2021,DM,2088,7,2,0,0.31,-0.11,-0.31,37,6,3.36,2.64,3.67,0.0,0.21,1403,90.0%,86.6%,47.12,3.36,19.83,3.22,10.7%,23,0.53,-0.05,0.31,0.57,-0.43,-0.32,0.61
Jalen Crisler,RIC,2021,CB,2564,16,5,0,1.13,-0.49,-1.13,3,0,0.11,-0.11,1.24,0.0,1.04,1175,78.5%,78.3%,3.43,0.29,27.48,12.91,10.4%,27,-0.2,-0.02,0.48,-0.56,0.2,0.1,0.0
Jared Odenbeck,TUC,2021,DM,342,1,1,0,0.07,0.37,-0.07,1,0,0.02,-0.02,0.09,0.0,0.05,182,89.0%,86.8%,4.05,2.23,21.43,3.15,4.8%,7,-0.01,0.01,0.06,0.01,0.01,-0.03,0.04
Jason Bucknor,FTL,2021,FB,103,1,0,0,0.09,-0.09,-0.09,1,0,0.03,-0.03,0.12,0.0,0.08,37,83.8%,81.0%,1.03,2.79,18.57,-3.0,3.0%,3,0.03,-0.0,-0.04,-0.03,0.02,0.03,0.0
Jason Ramos,CHA,2021,CB,2694,24,8,1,2.1,-0.12,-1.1,15,1,0.99,0.01,3.09,0.14,1.31,1547,82.9%,82.0%,14.92,0.96,27.59,9.4,11.9%,27,0.26,0.16,0.15,0.31,0.42,0.16,1.45
Javier Casas,MAD,2021,CM,64,0,0,0,0.0,0.0,0.0,0,0,0.0,0.0,0.0,0.0,0.0,22,81.8%,82.8%,-0.21,-0.95,20.19,0.05,3.9%,1,-0.01,-0.0,-0.01,-0.07,-0.0,-0.02,-0.12
Jay Tee Kamara,NC,2021,CM,1515,32,17,4,1.75,2.33,2.25,33,5,5.5,-0.5,7.25,1.83,0.99,490,68.6%,72.5%,-19.1,-3.9,22.37,7.39,6.0%,21,0.94,0.06,-0.18,2.13,-0.65,0.18,2.49
Jayden Nelson,TOR,2021,W,743,16,5,3,2.46,0.39,0.54,8,0,0.29,-0.29,2.76,1.83,1.82,302,84.1%,81.7%,7.27,2.41,17.85,-1.64,8.2%,8,0.23,-0.04,0.8,-0.2,-0.11,0.06,0.73
Jesús Ibarra,GVL,2021,W,1100,14,4,1,1.22,0.01,-0.22,24,1,2.87,-1.87,4.09,0.69,0.92,341,69.2%,66.8%,8.37,2.46,17.52,3.11,4.9%,21,0.88,0.06,0.12,0.52,-0.27,-0.17,1.15
Jesús Pérez,MAD,2021,CM,665,9,4,0,0.43,0.46,-0.43,11,1,0.92,0.08,1.35,0.0,0.39,267,82.8%,82.5%,0.63,0.24,20.18,1.46,6.3%,10,-0.15,-0.01,0.25,0.09,-0.04,0.02,0.17
Jimmie Villalobos,CHA,2021,CM,2003,30,9,2,3.27,-1.06,-1.27,17,1,1.83,-0.83,5.1,0.68,1.86,651,82.5%,80.6%,12.01,1.84,22.02,5.04,5.9%,25,0.28,-0.19,0.36,0.08,0.23,-0.1,0.65
Jiro Barriga Toyama,MAD,2021,FB,1610,7,2,0,0.18,-0.01,-0.18,20,1,1.18,-0.18,1.36,0.0,0.16,893,78.5%,77.2%,11.34,1.27,19.16,5.0,10.2%,17,0.2,0.24,0.26,0.16,-0.07,-0.07,0.72
Joao Delgado,TUC,2021,CM,1383,15,5,2,1.38,0.38,0.62,14,3,0.58,2.42,1.96,0.8,0.65,658,75.5%,78.1%,-16.63,-2.53,22.24,6.8,6.8%,22,-0.3,-0.06,0.35,0.38,-0.11,-0.19,0.07
John Murphy,OMA,2021,CM,149,3,2,0,0.16,0.02,-0.16,0,0,0.0,0.0,0.16,0.0,0.12,52,67.3%,77.8%,-5.47,-10.52,20.67,2.54,2.2%,7,0.01,0.3,-0.01,-0.08,0.06,0.01,0.29
John Scearce,OMA,2021,CM,2350,55,14,1,2.88,-1.14,-1.88,17,3,1.48,1.52,4.36,0.47,1.81,1009,74.9%,75.6%,-6.82,-0.68,20.21,7.19,8.9%,27,0.06,-0.15,0.38,0.42,0.5,0.44,1.64
Jon-Talen Maples,TOR,2021,CB,1592,4,1,1,0.97,-0.37,0.03,5,0,0.78,-0.78,1.75,0.45,0.24,771,82.8%,82.1%,4.79,0.62,25.15,10.28,8.6%,19,-0.04,0.01,-0.01,0.12,0.1,-0.02,0.17
Jonathan Bell,NER,2021,CB,206,0,0,0,0.0,0.0,0.0,0,0,0.0,0.0,0.0,0.0,0.0,156,87.2%,84.3%,4.58,2.93,23.64,11.48,8.7%,3,0.06,-0.0,-0.08,0.19,-0.05,-0.02,0.09
Jonathan Bolanos,RIC,2021,W,2150,46,17,5,5.34,-0.99,-0.34,23,1,2.14,-1.14,7.48,2.73,4.05,459,65.6%,68.8%,-14.85,-3.23,17.45,-0.98,5.9%,28,1.32,-0.24,0.26,0.03,0.5,0.13,2.0
Jonathan Esparza,CHA,2021,FB,1792,6,2,0,0.34,-0.01,-0.34,14,0,1.13,-1.13,1.48,0.0,0.17,900,73.2%,70.8%,21.49,2.39,20.95,7.15,7.4%,25,-0.12,0.04,-1.15,0.52,-0.17,-0.12,-1.0
Jonathan Ricketts,CHA,2021,FB,2662,31,11,4,3.32,1.36,0.68,22,3,3.71,-0.71,7.03,1.35,1.58,1328,72.7%,72.7%,1.25,0.09,20.65,5.59,10.5%,27,-0.02,0.21,-0.05,-0.29,1.62,0.52,1.98
Jordan Pena,TUC,2021,DM,1081,1,0,0,0.02,-0.02,-0.02,0,0,0.0,0.0,0.02,0.0,0.02,485,90.7%,88.8%,9.39,1.94,21.67,3.38,6.9%,14,-0.09,-0.04,0.34,-0.12,-0.23,-0.15,-0.28
Jordan Perruzza,TOR,2021,ST,113,2,0,0,0.11,-0.11,-0.11,1,0,0.05,-0.05,0.15,0.0,0.07,23,56.5%,77.8%,-4.89,-21.28,18.58,0.03,2.7%,2,0.04,0.06,0.04,-0.05,-0.1,-0.03,-0.04
Jorge Almaguer,NTX,2021,CM,1993,23,5,3,1.97,0.17,1.03,16,0,1.75,-1.75,3.73,0.93,0.93,937,88.8%,84.5%,39.86,4.25,19.55,4.19,8.2%,23,-0.31,-0.02,-0.42,-0.09,-0.03,0.11,-0.76
Jorge Luna,CHA,2021,CB,608,2,1,1,0.7,-0.01,0.3,0,0,0.0,0.0,0.7,1.01,0.7,282,80.1%,79.8%,1.01,0.36,25.98,11.23,7.5%,8,0.03,0.03,-0.64,-0.08,0.02,0.01,-0.63
Joseph Buck,NER,2021,CM,101,1,0,0,0.02,-0.02,-0.02,0,0,0.0,0.0,0.02,0.0,0.02,42,78.6%,82.1%,-1.5,-3.56,20.26,5.05,3.9%,2,-0.0,-0.0,0.01,-0.03,-0.04,-0.03,-0.1
Joseph Rice,NER,2021,GK,1946,0,0,0,0.0,0.0,0.0,0,0,0.0,0.0,0.0,0.0,0.0,544,77.6%,77.8%,-1.46,-0.27,32.2,24.29,5.1%,20,,,,,,,
Joshua Coan,NC,2021,W,1777,27,12,3,2.4,0.89,0.6,24,4,2.14,1.86,4.54,0.66,1.36,598,68.1%,70.9%,-17.22,-2.88,22.16,4.69,4.8%,28,-0.96,-0.12,-0.13,0.42,-0.37,-0.09,-1.26
Joshua Donnelly,GVL,2021,ST,747,14,4,2,1.25,0.39,0.75,5,1,0.26,0.74,1.51,0.85,0.71,168,53.0%,60.6%,-12.81,-7.62,16.42,1.55,3.1%,17,-0.29,0.0,0.01,-0.33,0.35,-0.04,-0.3
Joshua Penn,FTL,2021,W,890,13,8,2,2.18,0.06,-0.18,6,1,0.65,0.35,2.83,1.2,1.96,182,69.8%,74.7%,-8.94,-4.91,17.57,1.74,4.9%,10,0.05,-0.05,-0.04,-0.04,-0.13,-0.02,-0.23
Joshua Phelps,TRM,2021,CB,1630,11,2,1,1.84,-0.61,-0.84,5,0,0.16,-0.16,2.0,0.47,1.42,636,83.3%,81.8%,9.85,1.55,23.82,7.67,8.0%,18,-0.39,-0.35,-0.32,0.12,-0.35,-0.26,-1.54
Joshua Saavedra,FTL,2021,DM,416,2,1,0,0.14,-0.05,-0.14,3,0,0.06,-0.06,0.2,0.0,0.12,122,77.0%,80.7%,-4.47,-3.66,19.52,3.11,3.1%,9,-0.09,-0.01,-0.03,-0.18,-0.13,-0.08,-0.52
Josiah Trimmingham,MAD,2021,ST,564,22,8,4,2.79,-0.05,1.21,8,0,0.3,-0.3,3.09,1.95,2.01,106,67.0%,66.8%,0.24,0.23,17.0,0.46,2.8%,11,-0.03,-0.06,0.1,-0.11,0.55,0.25,0.7
José Carrera-Garcia,CHA,2021,CM,2684,28,11,2,2.04,0.23,-0.04,34,2,3.42,-1.42,5.46,0.95,1.13,1469,83.7%,81.2%,36.58,2.49,20.02,3.97,11.2%,27,-0.25,-0.12,-0.52,0.55,-0.48,-0.11,-0.94
Juan Galindrez,CHA,2021,ST,1240,45,19,10,9.11,-0.97,0.89,5,1,0.63,0.37,9.74,5.14,6.67,193,70.5%,74.7%,-8.1,-4.2,15.16,-2.88,2.9%,27,-1.17,-0.1,-0.3,-0.4,1.98,0.62,0.64
Juan Pablo Monticelli,RIC,2021,FB,1493,13,3,2,1.77,0.14,0.23,6,1,1.41,-0.41,3.18,0.61,0.86,543,71.3%,72.8%,-8.2,-1.51,23.29,6.19,8.2%,18,-0.3,-0.21,-0.19,-0.05,0.57,0.16,-0.02
Juan Parra,NTX,2021,CB,411,4,1,0,0.47,0.17,-0.47,1,0,0.13,-0.13,0.6,0.0,0.42,223,82.5%,82.9%,-0.88,-0.39,25.68,10.42,8.1%,5,-0.08,0.04,-0.53,-0.11,0.18,0.07,-0.43
Julian Altobelli,TOR,2021,ST,1661,37,13,2,3.85,-0.51,-1.85,16,1,2.01,-1.01,5.86,1.29,2.83,429,81.1%,80.3%,3.52,0.82,19.55,2.67,4.5%,23,-0.64,0.03,-0.07,0.88,-0.41,-0.09,-0.3
Julian Dunn-Johnson,TOR,2021,CB,399,1,1,0,0.07,0.12,-0.07,0,0,0.0,0.0,0.07,0.0,0.04,245,83.3%,84.2%,-2.21,-0.9,24.34,9.09,11.6%,4,0.03,0.04,-0.28,0.01,-0.03,-0.01,-0.25
Justin Rennicks,NER,2021,ST,2290,44,19,5,7.12,-0.66,-2.12,27,3,2.55,0.45,9.67,2.31,5.04,573,74.4%,76.4%,-12.0,-2.09,16.4,-2.04,5.3%,27,-0.5,-0.34,-0.2,-0.22,1.5,-0.08,0.16
Justin Sukow,MAD,2021,CM,1458,17,6,2,1.45,-0.19,0.55,18,3,1.6,1.4,3.06,1.01,1.06,629,85.5%,84.0%,9.98,1.59,16.89,-1.15,5.6%,22,-0.62,-0.07,-0.28,-0.77,0.78,-0.12,-1.08
Kaelon Fox,TUC,2021,CB,2327,5,0,0,0.09,-0.09,-0.09,5,1,0.56,0.44,0.65,0.0,0.07,1113,80.7%,80.0%,7.96,0.72,25.23,10.67,9.0%,26,-0.12,-0.31,-0.02,-0.23,-0.42,-0.22,-1.32
Kalil ElMedkhar,NTX,2021,W,1104,24,10,4,2.35,0.07,1.65,20,5,3.3,1.7,5.65,2.01,1.22,346,71.1%,72.7%,-5.48,-1.58,16.79,-1.5,6.8%,13,0.71,-0.07,0.26,0.31,-0.04,0.13,1.3
Kazu,NTX,2021,W,1638,36,17,5,5.14,0.61,-0.14,16,2,1.86,0.14,6.99,1.01,2.51,618,74.1%,75.1%,-6.09,-0.99,17.96,1.06,5.4%,25,0.27,-0.06,-0.24,-0.86,0.97,0.43,0.51
Kevin Piedrahita,OMA,2021,GK,391,0,0,0,0.0,0.0,0.0,0,0,0.0,0.0,0.0,0.0,0.0,99,69.7%,68.7%,1.04,1.05,40.73,33.38,4.4%,4,,,,,,,
Kevin Politz,TOR,2021,CB,1788,13,4,1,0.86,-0.12,0.14,0,0,0.0,0.0,0.86,0.51,0.68,1092,92.3%,89.3%,33.23,3.04,22.82,7.63,9.8%,21,0.21,0.12,0.4,0.26,0.09,0.04,1.12
Kevin Rodríguez,TUC,2021,W,582,8,6,3,1.46,0.81,1.54,5,1,0.27,0.73,1.73,1.16,0.68,158,74.1%,73.8%,0.39,0.24,15.93,-1.26,2.6%,16,0.21,0.23,-0.05,-0.31,0.14,0.04,0.26
Kevin Silva,TOR,2021,GK,390,0,0,0,0.0,0.0,0.0,0,0,0.0,0.0,0.0,0.0,0.0,131,77.9%,75.1%,3.57,2.73,34.8,25.78,5.6%,4,,,,,,,
Kobe Franklin,TOR,2021,FB,2346,14,9,2,0.83,1.04,1.17,39,6,5.14,0.86,5.97,2.19,0.72,1362,75.8%,75.2%,8.23,0.6,22.36,6.12,11.8%,24,-0.14,0.11,0.65,0.87,-0.26,-0.04,1.19
Kobe Perez,TRM,2021,W,1072,11,3,2,1.21,-0.03,0.79,11,1,0.58,0.42,1.79,0.73,0.58,438,83.6%,81.3%,10.09,2.3,17.33,1.81,4.1%,26,0.26,0.01,0.12,-0.33,-0.18,-0.1,-0.22
Kosi Thompson,TOR,2021,W,1684,28,9,1,2.47,-0.71,-1.47,12,0,2.26,-2.26,4.72,0.57,2.38,456,68.0%,70.2%,-9.96,-2.18,16.6,0.52,4.7%,27,0.26,-0.25,0.23,0.23,-0.01,-0.11,0.35
Kristofer Strickler,TRM,2021,ST,344,8,2,0,1.11,0.32,-1.11,7,1,0.5,0.5,1.6,0.0,1.05,85,77.6%,73.8%,3.23,3.8,16.49,-1.91,1.3%,15,0.18,0.22,-0.1,-0.29,0.47,0.07,0.54
Kwasi Poku,TOR,2021,ST,10,1,1,0,0.19,0.01,-0.19,0,0,0.0,0.0,0.19,0.0,0.0,0,0.0%,0.0%,0.0,0.0,0.0,0.0,0.7%,1,-0.03,0.0,-0.0,0.0,0.15,0.02,0.15
Lachlan McLean,GVL,2021,ST,924,24,12,3,3.59,-0.28,-0.59,5,2,0.72,1.28,4.31,1.87,2.54,178,54.5%,60.6%,-10.83,-6.09,17.81,3.12,4.0%,14,-0.15,-0.09,-0.09,0.21,0.87,0.01,0.75
Lars Eckenrode,TRM,2021,CB,1345,9,5,1,1.02,0.97,-0.02,1,0,0.03,-0.03,1.06,0.56,0.75,679,89.1%,86.0%,20.97,3.09,22.87,9.04,9.7%,14,-0.16,0.33,-0.14,-0.23,0.24,0.08,0.12
Luca Mastrantonio,TUC,2021,CB,1222,6,3,2,0.84,0.89,1.16,1,0,0.47,-0.47,1.31,1.06,0.63,550,80.5%,80.1%,2.44,0.44,27.22,12.42,7.7%,16,-0.12,0.08,0.83,0.42,-0.27,-0.01,0.92
Luca Mayr-Fälten,TRM,2021,FB,2381,63,22,5,3.43,0.84,1.57,51,6,5.52,0.48,8.95,4.27,2.65,1254,67.0%,71.0%,-50.96,-4.06,23.07,3.28,10.3%,26,-1.0,0.02,-0.88,0.19,0.48,0.77,-0.42
Luca Petrasso,TOR,2021,FB,2611,20,10,1,1.19,-0.41,-0.19,41,3,3.06,-0.06,4.25,0.09,0.86,1645,78.0%,76.7%,22.4,1.36,19.71,2.52,11.4%,28,0.43,0.08,-0.74,-0.35,0.11,-0.06,-0.52
Lucão,NTX,2021,CB,578,6,2,0,0.29,0.03,-0.29,0,0,0.0,0.0,0.29,0.0,0.18,289,78.5%,80.7%,-6.13,-2.12,28.86,12.4,8.7%,7,0.03,0.18,-0.16,-0.01,0.0,0.05,0.08
Luis Arriaga,NC,2021,CM,1702,16,8,1,2.13,0.07,-1.13,14,1,1.28,-0.28,3.41,0.74,1.56,619,82.7%,81.5%,7.48,1.21,18.92,2.08,5.8%,22,-0.13,0.05,0.21,-0.32,-0.17,0.01,-0.35
Luis Caicedo,NER,2021,DM,178,2,0,0,0.09,-0.09,-0.09,3,0,0.33,-0.33,0.42,0.0,0.03,113,90.3%,84.3%,6.74,5.97,20.46,4.71,10.0%,2,0.01,-0.0,-0.19,0.32,-0.06,0.04,0.13
Luis Zamudio,FTL,2021,GK,881,0,0,0,0.0,0.0,0.0,0,0,0.0,0.0,0.0,0.0,0.0,347,80.1%,81.2%,-3.66,-1.06,31.51,21.45,7.5%,9,,,,,,,
Luis Ángel Rodríguez,TRM,2021,CB,436,0,0,0,0.0,0.0,0.0,1,0,0.12,-0.12,0.12,0.0,0.0,219,93.6%,88.7%,10.71,4.89,19.37,6.65,7.1%,6,-0.08,0.02,-0.45,0.17,-0.12,-0.07,-0.52
Luke Lawrence,TUC,2021,ST,4,0,0,0,0.0,0.0,0.0,0,0,0.0,0.0,0.0,0.0,0.0,0,0.0%,0.0%,0.0,0.0,0.0,0.0,0.2%,1,0.0,-0.0,0.01,0.0,-0.01,-0.0,0.01
Luke Pavone,RIC,2021,FB,855,4,1,0,0.1,-0.06,-0.1,6,0,0.43,-0.43,0.54,0.0,0.05,277,67.2%,70.2%,-8.31,-3.0,21.6,8.03,3.8%,20,-0.06,-0.02,0.15,0.01,-0.47,-0.24,-0.63
Luke Singh,TOR,2021,CB,652,9,2,2,0.48,0.48,1.52,2,0,0.07,-0.07,0.55,1.65,0.35,528,84.7%,83.5%,5.87,1.11,27.22,11.24,12.8%,7,0.19,0.08,-0.36,0.32,-0.11,0.06,0.17
Maciel,NER,2021,DM,340,2,0,0,0.05,-0.05,-0.05,3,1,0.48,0.52,0.53,0.0,0.02,206,84.0%,85.7%,-3.45,-1.68,22.23,5.98,9.0%,4,0.03,0.01,-0.13,0.14,-0.01,-0.05,-0.01
Malick Mbaye,NC,2021,CB,1848,3,2,1,0.46,0.33,0.55,0,0,0.0,0.0,0.46,0.71,0.3,1159,86.3%,86.2%,0.93,0.08,24.44,8.63,9.0%,24,-0.03,-0.09,0.11,-0.31,-0.4,-0.17,-0.9
Malyk Hamilton,NC,2021,FB,416,0,0,0,0.0,0.0,0.0,3,0,0.12,-0.12,0.12,0.0,0.0,216,83.8%,84.2%,-0.86,-0.4,17.21,1.15,4.4%,10,-0.14,-0.28,0.02,-0.11,-0.07,-0.08,-0.65
Manuel Ferriol,TUC,2021,CM,921,17,5,2,1.26,0.35,0.74,15,1,1.62,-0.62,2.88,0.86,0.48,365,80.5%,81.8%,-4.4,-1.21,24.04,5.56,4.3%,19,-0.25,-0.08,-0.01,0.18,-0.02,0.05,-0.12
Marco Micaletto,TRM,2021,W,2702,77,26,11,9.05,-1.21,1.95,39,3,4.0,-1.0,13.04,6.93,6.5,935,73.8%,76.0%,-20.2,-2.16,21.38,4.01,8.4%,28,-0.01,0.48,-0.03,0.44,-0.24,0.39,1.03
Marios Lomis,GVL,2021,ST,2084,68,34,14,12.33,2.49,1.67,15,1,1.49,-0.49,13.83,7.17,8.56,441,67.1%,70.0%,-12.87,-2.92,15.9,-0.31,5.1%,26,-0.86,-0.17,-0.2,0.3,2.63,0.59,2.28
Mark Hernández,CHA,2021,W,1270,38,13,5,4.54,0.09,0.46,23,3,2.63,0.37,7.17,2.28,4.18,427,68.2%,65.8%,9.83,2.3,19.81,1.75,5.1%,23,-0.39,-0.05,0.0,0.33,0.2,0.5,0.6
Mark Salas,NTX,2021,CB,888,0,0,0,0.0,0.0,0.0,2,0,0.16,-0.16,0.16,0.0,0.0,456,88.6%,87.1%,6.63,1.45,24.93,7.42,7.2%,13,-0.12,0.05,-0.32,0.15,-0.16,-0.11,-0.5
Marvin Mariche,NC,2021,W,21,1,0,0,0.13,-0.13,-0.13,0,0,0.0,0.0,0.13,0.0,0.0,5,80.0%,71.0%,0.45,9.04,13.0,-8.83,0.4%,3,0.09,-0.0,0.03,-0.01,-0.02,0.0,0.09
Matthew Bolduc,RIC,2021,W,2070,19,5,1,0.84,0.22,0.16,29,2,3.61,-1.61,4.45,0.52,0.53,561,70.4%,73.2%,-15.5,-2.76,18.15,2.8,5.8%,28,-0.17,-0.13,0.11,0.08,-0.65,-0.4,-1.16
Matthew Corcoran,NTX,2021,FB,73,1,1,0,0.17,-0.11,-0.17,0,0,0.0,0.0,0.17,0.0,0.0,30,76.7%,73.9%,0.82,2.75,18.46,8.22,2.9%,2,-0.02,-0.02,0.18,-0.01,0.05,0.01,0.2
Max Flick,NC,2021,CB,2426,12,4,2,1.22,0.41,0.78,3,0,0.18,-0.18,1.4,1.9,1.27,1488,87.0%,86.8%,2.78,0.19,23.13,6.18,11.5%,25,0.11,-0.14,0.5,-0.4,-0.08,-0.01,-0.02
Maximiliano Schenfeld,TUC,2021,FB,2178,16,3,1,0.5,0.12,0.5,14,0,0.81,-0.81,1.31,0.62,0.34,1444,79.2%,77.7%,21.46,1.49,21.37,5.52,12.7%,23,-0.13,0.22,0.27,0.12,-0.35,-0.02,0.12
Maxwell Hemmings,GVL,2021,CM,2183,16,2,0,0.56,-0.13,-0.56,18,1,1.62,-0.62,2.18,0.0,0.38,1113,79.7%,79.3%,4.84,0.44,22.79,7.57,9.5%,25,-0.07,0.21,0.07,0.35,-0.15,-0.22,0.19
Mehdi Essoussi,TOR,2021,CM,1248,17,4,0,1.61,0.14,-1.61,5,0,0.49,-0.49,2.1,0.0,1.5,676,84.8%,85.5%,-4.95,-0.73,20.84,3.88,9.1%,15,-0.3,0.14,-0.32,0.18,-0.15,0.0,-0.45
Meny Silva,NER,2021,W,449,13,5,0,1.01,-0.13,-1.01,5,1,0.35,0.65,1.36,0.0,0.62,113,77.0%,76.7%,0.36,0.32,18.88,0.42,2.3%,15,-0.03,0.09,0.0,0.0,0.06,0.09,0.21
Michael Maldonado,NTX,2021,FB,1677,7,2,0,0.38,-0.19,-0.38,15,0,1.02,-1.02,1.39,0.0,0.35,972,83.6%,80.3%,32.97,3.39,22.69,7.62,7.7%,25,-0.02,-0.02,0.18,0.94,-0.35,-0.12,0.61
Michael Tsicoulias,NER,2021,W,337,6,4,2,0.57,1.05,1.43,4,0,0.25,-0.25,0.82,0.91,0.25,102,60.8%,73.2%,-12.68,-12.43,18.72,1.4,2.0%,12,0.19,-0.02,-0.02,-0.34,-0.1,0.08,-0.21
Michael Vang,MAD,2021,CM,385,7,2,0,0.26,-0.17,-0.26,3,0,0.24,-0.24,0.51,0.0,0.21,143,81.1%,83.1%,-2.81,-1.97,17.82,2.45,2.6%,11,-0.23,-0.02,0.03,0.05,0.03,0.04,-0.1
Michel,NER,2021,CM,1714,17,2,0,0.45,-0.36,-0.45,28,0,1.59,-1.59,2.04,0.0,0.3,1051,81.2%,81.4%,-2.61,-0.25,21.14,4.37,9.7%,21,0.05,0.14,-0.01,0.39,-0.33,-0.17,0.07
Mitchell Curry,FTL,2021,ST,2021,45,23,8,8.13,-0.06,-0.13,21,5,4.87,0.13,13.0,5.41,6.07,284,71.8%,73.7%,-5.22,-1.84,16.54,-1.27,3.6%,23,0.82,-0.18,-0.23,0.04,0.49,0.4,1.34
Modesto Mendez,FTL,2021,CB,1730,11,3,2,0.9,0.29,1.1,0,0,0.0,0.0,0.9,2.93,1.04,1066,87.0%,85.6%,14.18,1.33,25.03,8.61,12.1%,18,-0.12,-0.12,0.22,0.19,0.07,0.08,0.31
Mohamed Kone,TUC,2021,DM,1101,5,2,0,0.37,0.07,-0.37,6,1,0.54,0.46,0.9,0.0,0.32,362,80.9%,81.2%,-0.8,-0.22,22.71,6.07,6.6%,12,-0.04,0.0,-0.08,-0.21,-0.1,-0.11,-0.54
Morris Matthews,NER,2021,CM,18,0,0,0,0.0,0.0,0.0,0,0,0.0,0.0,0.0,0.0,0.0,2,50.0%,57.0%,-0.14,-7.04,8.05,-5.87,0.9%,1,-0.01,-0.0,0.01,-0.0,-0.01,-0.01,-0.02
Mumbi Kwesele,RIC,2021,CB,49,0,0,0,0.0,0.0,0.0,0,0,0.0,0.0,0.0,0.0,0.0,8,87.5%,69.1%,1.47,18.38,28.28,20.09,0.9%,3,-0.01,0.0,-0.03,0.02,-0.02,-0.01,-0.04
Nakye Greenidge-Duncan,TOR,2021,ST,8,0,0,0,0.0,0.0,0.0,0,0,0.0,0.0,0.0,0.0,0.0,1,0.0%,46.7%,-0.47,-46.74,0.0,0.0,0.4%,1,0.01,-0.0,0.0,0.0,-0.01,-0.01,-0.01
Nathan Aune,RIC,2021,CB,551,7,0,0,0.32,-0.32,-0.32,3,0,0.08,-0.08,0.4,0.0,0.15,188,66.0%,70.6%,-8.66,-4.61,23.05,8.1,3.9%,14,-0.56,0.03,-0.24,-0.21,0.09,-0.0,-0.9
Navarro,CHA,2021,CB,2102,9,1,0,0.82,-0.38,-0.82,5,1,0.61,0.39,1.43,0.0,0.47,1236,85.8%,83.0%,34.48,2.79,24.43,10.11,10.9%,22,0.11,-0.21,-0.41,0.45,-0.07,-0.04,-0.18
Nazmi Albadawi,NC,2021,CM,977,12,6,2,1.27,0.02,0.73,20,0,1.42,-1.42,2.69,1.03,0.86,546,83.5%,81.8%,9.61,1.76,22.5,4.21,8.9%,12,-0.15,-0.1,0.18,0.13,-0.28,-0.03,-0.25
Nelson Blanco,NC,2021,FB,2482,12,1,0,0.49,-0.46,-0.49,15,3,1.55,1.45,2.04,0.0,0.23,1428,78.8%,79.6%,-11.66,-0.82,21.13,3.14,10.5%,27,0.23,0.06,-0.02,-0.12,-0.48,-0.31,-0.63
Nelson Martinez,NC,2021,FB,2321,13,5,1,0.64,0.07,0.36,7,0,0.3,-0.3,0.94,0.66,0.44,1148,83.6%,82.6%,11.9,1.04,19.95,2.76,8.4%,27,-0.16,-0.18,-0.03,-0.62,-0.27,-0.14,-1.41
Nicholas Holliday,NC,2021,GK,498,0,0,0,0.0,0.0,0.0,0,0,0.0,0.0,0.0,0.0,0.0,177,67.8%,66.8%,1.8,1.02,34.36,26.64,7.6%,5,,,,,,,
Nicholas O'Callaghan,TRM,2021,FB,2001,5,2,1,0.64,0.49,0.36,10,0,0.75,-0.75,1.39,0.39,0.35,1125,78.5%,77.0%,17.02,1.51,21.68,8.79,10.4%,23,0.06,-0.01,-1.02,0.09,0.15,-0.1,-0.82
Nico Brown,GVL,2021,W,165,5,3,1,0.79,0.19,0.21,1,0,0.06,-0.06,0.84,1.27,0.46,41,65.8%,76.2%,-4.25,-10.36,13.68,-3.09,1.9%,7,-0.04,-0.0,0.0,-0.04,0.04,0.07,0.03
Nicolas Firmino,OMA,2021,CM,864,15,4,2,1.85,-0.45,0.15,5,0,0.59,-0.59,2.43,3.05,1.95,417,83.2%,82.8%,1.56,0.37,15.73,1.43,4.1%,24,-0.22,-0.08,-0.04,-0.25,-0.28,-0.06,-0.93
Nicolas Ovalle,TOR,2021,CM,42,0,0,0,0.0,0.0,0.0,1,0,0.19,-0.19,0.19,0.0,0.0,21,90.5%,82.9%,1.59,7.55,18.46,1.73,1.3%,3,-0.0,0.0,0.07,0.04,-0.0,-0.01,0.09
Niki Jackson,TRM,2021,ST,287,4,0,0,0.78,-0.78,-0.78,0,0,0.0,0.0,0.78,0.0,0.1,47,76.6%,80.8%,-1.97,-4.2,15.22,-2.36,2.0%,8,-0.03,-0.03,-0.08,-0.13,0.12,-0.12,-0.27
Nil Vinyals,RIC,2021,CM,2183,24,11,2,2.01,1.07,-0.01,49,4,5.0,-1.0,7.02,2.14,1.51,812,70.0%,71.7%,-14.14,-1.74,20.83,4.11,8.3%,26,-0.25,0.14,0.2,1.04,-0.32,-0.11,0.71
Nkosi Burgess,NTX,2021,CB,186,2,1,1,0.26,0.36,0.74,1,0,0.18,-0.18,0.44,0.06,0.06,94,85.1%,82.2%,2.72,2.9,25.27,9.68,9.9%,2,-0.03,0.02,-0.19,-0.01,0.07,0.03,-0.1
Noah Allen,FTL,2021,FB,2660,10,2,0,0.34,-0.06,-0.34,28,2,2.06,-0.06,2.4,0.0,0.24,1342,76.8%,76.0%,11.61,0.86,20.19,2.88,10.2%,27,-0.69,0.09,0.44,-0.23,-0.3,-0.17,-0.88
Noah Franke,TUC,2021,FB,2424,9,2,0,0.21,-0.15,-0.21,19,3,1.91,1.09,2.12,0.0,0.15,1269,81.3%,78.0%,41.37,3.26,18.88,6.32,10.9%,25,0.34,-0.25,-0.47,0.37,-0.29,-0.26,-0.55
Noah Fuson,MAD,2021,W,911,21,6,2,1.1,-0.11,0.9,7,0,0.44,-0.44,1.54,1.46,0.65,243,73.3%,75.7%,-6.03,-2.48,17.31,0.07,2.8%,21,-0.18,-0.32,-0.36,-0.49,-0.13,-0.01,-1.49
Noah Pilato,GVL,2021,CM,324,5,1,0,0.12,-0.09,-0.12,1,0,0.03,-0.03,0.15,0.0,0.07,168,80.4%,81.1%,-1.21,-0.72,23.0,3.3,7.1%,5,0.13,-0.02,0.07,-0.13,-0.05,-0.06,-0.07
Noble Okello,TOR,2021,CM,269,3,2,1,0.82,0.05,0.18,1,0,0.08,-0.08,0.9,0.46,0.39,135,83.0%,82.2%,1.05,0.78,19.01,2.37,8.5%,3,-0.14,-0.01,0.01,0.23,0.06,-0.06,0.09
Noel Buck,NER,2021,CM,2059,35,12,5,3.88,0.34,1.11,26,1,2.1,-1.1,5.98,2.73,2.25,879,80.4%,80.0%,4.24,0.48,18.76,3.07,6.1%,28,-0.39,-0.13,-0.22,-0.42,0.42,0.23,-0.5
Nyal Higgins,TOR,2021,CB,576,3,0,0,0.59,-0.59,-0.59,3,0,0.11,-0.11,0.7,0.0,0.65,314,84.4%,84.1%,0.93,0.29,24.23,10.1,6.7%,9,0.36,0.04,0.08,0.07,-0.09,-0.0,0.46
Oalex Anderson,RIC,2021,W,866,32,9,3,4.25,-1.95,-1.25,7,2,1.1,0.9,5.35,2.36,4.5,119,55.5%,60.2%,-5.66,-4.76,17.45,2.1,2.5%,24,-0.01,0.29,-0.05,-0.06,1.05,0.19,1.4
Pablo Jara,TRM,2021,GK,2572,0,0,0,0.0,0.0,0.0,0,0,0.0,0.0,0.0,0.0,0.0,946,69.1%,67.2%,17.86,1.89,41.88,33.46,6.7%,27,,,,,,,
Parker O'Ferral,NC,2021,FB,530,0,0,0,0.0,0.0,0.0,2,0,0.12,-0.12,0.12,0.0,0.0,275,74.2%,80.9%,-18.58,-6.76,20.57,2.48,7.3%,8,-0.03,-0.01,0.16,-0.1,-0.17,-0.09,-0.25
Patrick Cayelli,GVL,2021,FB,5,0,0,0,0.0,0.0,0.0,0,0,0.0,0.0,0.0,0.0,0.0,1,0.0%,15.7%,-0.16,-15.73,0.0,0.0,0.2%,1,-0.0,0.0,0.0,-0.0,-0.0,-0.0,-0.0
Paul Christensen,GVL,2021,GK,986,0,0,0,0.0,0.0,0.0,0,0,0.0,0.0,0.0,0.0,0.0,329,65.0%,61.1%,13.13,3.99,46.13,37.39,6.8%,10,,,,,,,
Paul Rothrock,TOR,2021,ST,708,15,9,4,2.58,1.32,1.42,5,2,0.31,1.69,2.89,1.19,1.06,181,68.5%,73.8%,-9.62,-5.31,18.42,0.81,4.3%,12,-0.06,0.04,-0.12,-0.36,0.19,0.13,-0.19
Pecka,NC,2021,DM,1308,9,2,1,0.41,0.35,0.59,3,0,0.11,-0.11,0.52,0.66,0.38,619,88.8%,88.2%,3.98,0.64,19.6,1.67,6.5%,19,-0.18,0.01,0.13,-0.13,-0.19,-0.05,-0.42
Peter Pearson,NC,2021,DM,1706,5,3,2,0.39,0.75,1.61,2,0,0.07,-0.07,0.46,0.68,0.18,816,84.6%,86.5%,-15.56,-1.91,21.1,3.62,7.1%,24,-0.21,-0.14,0.35,-0.18,-0.23,-0.21,-0.63
Phil Breno,MAD,2021,GK,2659,0,0,0,0.0,0.0,0.0,0,0,0.0,0.0,0.0,0.0,0.0,823,83.0%,80.6%,19.92,2.42,29.74,21.37,5.5%,27,,,,,,,
Pierre Cayet,NER,2021,CB,1808,7,4,2,0.63,0.6,1.37,5,0,0.27,-0.27,0.9,1.47,0.35,1230,83.9%,82.6%,15.66,1.27,23.83,11.35,11.3%,20,0.22,0.14,0.49,1.04,-0.14,0.04,1.79
Rafael Mentzingen,CHA,2021,ST,784,19,8,1,2.93,-0.83,-1.93,8,0,0.73,-0.73,3.66,0.21,2.08,159,61.0%,68.2%,-11.36,-7.15,16.74,-0.84,3.6%,15,-0.3,-0.02,-0.18,-0.06,0.93,0.06,0.42
Raheem Sommersall,TRM,2021,CM,1254,9,4,0,0.75,0.32,-0.75,4,0,0.21,-0.21,0.96,0.0,0.57,563,84.7%,86.6%,-10.45,-1.86,19.16,1.71,6.1%,20,0.16,0.01,0.01,-0.46,-0.2,-0.1,-0.57
Ralph Priso-Mbongue,TOR,2021,CM,296,1,0,0,0.03,-0.03,-0.03,4,0,0.31,-0.31,0.34,0.0,0.02,196,84.7%,86.0%,-2.62,-1.34,19.86,6.03,11.7%,3,0.06,-0.05,0.02,0.02,-0.06,-0.04,-0.06
Rashid Nuhu,OMA,2021,GK,2360,0,0,0,0.0,0.0,0.0,2,1,0.2,0.8,0.2,0.0,0.0,764,57.2%,54.7%,19.42,2.54,51.02,45.08,6.3%,24,,,,,,,
Rey Ortiz,CHA,2021,W,847,24,6,1,0.94,0.84,0.06,17,2,2.49,-0.49,3.43,0.92,0.69,274,60.6%,62.3%,-4.69,-1.71,21.92,4.12,4.4%,16,-0.35,0.29,-0.18,0.42,-0.16,0.17,0.19
Ricardo Gomez,TRM,2021,CM,1575,5,0,0,0.17,-0.17,-0.17,13,0,1.23,-1.23,1.4,0.0,0.11,909,86.6%,85.2%,12.57,1.38,21.44,5.02,7.2%,24,0.11,-0.07,0.06,0.65,-0.58,-0.4,-0.24
Ricardo Rivera,OMA,2021,ST,247,6,4,1,1.43,-0.27,-0.43,3,0,0.2,-0.2,1.62,0.0,1.33,55,61.8%,69.0%,-3.96,-7.2,16.29,1.96,2.1%,7,-0.17,-0.01,-0.11,-0.02,0.39,0.06,0.14
Richard Sánchez,NTX,2021,GK,1692,1,0,0,0.03,-0.03,-0.03,1,0,0.03,-0.03,0.06,0.0,0.05,589,80.0%,80.8%,-4.72,-0.8,31.34,21.17,6.6%,17,,,,,,,
Rickson van Hees,NTX,2021,ST,10,0,0,0,0.0,0.0,0.0,0,0,0.0,0.0,0.0,0.0,0.0,8,62.5%,65.5%,-0.24,-2.99,29.34,20.73,1.6%,1,0.0,-0.0,-0.0,0.02,-0.02,-0.01,-0.01
Ricky Ruiz,CHA,2021,W,2727,28,14,4,3.01,1.49,0.99,57,10,6.16,3.84,9.17,2.15,2.67,980,66.7%,67.9%,-11.3,-1.15,22.33,5.64,8.0%,28,0.38,0.24,0.18,1.4,-0.91,-0.45,0.85
Rio Ramirez,NTX,2021,CB,905,3,0,0,0.22,-0.22,-0.22,2,0,0.1,-0.1,0.32,0.0,0.23,467,82.7%,81.0%,7.79,1.67,26.3,9.45,6.3%,15,-0.02,0.06,0.19,0.04,-0.08,-0.07,0.13
Robert Frame,NC,2021,W,1635,11,6,3,1.55,1.06,1.45,15,1,1.21,-0.21,2.76,1.62,1.07,356,76.1%,79.3%,-11.14,-3.13,14.7,-1.96,3.4%,26,0.36,0.24,-0.36,-0.2,-0.23,-0.32,-0.52
Robert Kristo,NC,2021,ST,1010,33,13,4,4.25,-0.65,-0.25,4,0,0.39,-0.39,4.64,1.62,2.25,254,70.9%,71.7%,-2.2,-0.87,16.98,2.17,4.0%,18,-0.15,-0.09,-0.02,0.43,0.21,0.01,0.39
Roberto Poplawski,FTL,2021,DM,1732,15,2,0,0.65,-0.41,-0.65,11,1,1.08,-0.08,1.73,0.0,0.46,981,87.0%,86.6%,3.7,0.38,21.31,4.91,9.0%,23,0.08,-0.39,0.29,0.28,-0.5,-0.12,-0.35
Rodney Michael,TRM,2021,W,990,20,9,1,2.1,0.15,-1.1,11,2,0.84,1.16,2.94,0.9,1.43,268,72.8%,75.2%,-6.6,-2.46,16.16,1.8,4.7%,16,0.13,-0.1,-0.08,-0.24,0.15,0.08,-0.07
Rohan Goulbourne,TOR,2021,W,1362,13,7,0,0.7,-0.36,-0.7,10,1,0.7,0.3,1.4,0.0,0.54,563,76.4%,79.0%,-14.78,-2.63,22.33,4.5,5.6%,22,0.05,0.25,0.06,0.26,-0.71,-0.25,-0.34
Rohit Thakur,NC,2021,W,18,1,0,0,0.06,-0.06,-0.06,0,0,0.0,0.0,0.06,0.0,0.0,5,80.0%,85.7%,-0.28,-5.66,14.06,9.39,0.9%,2,0.0,-0.0,-0.02,-0.01,-0.0,0.02,-0.02
Roman Torres,NTX,2021,ST,5,1,1,0,0.33,-0.13,-0.33,0,0,0.0,0.0,0.33,0.0,0.0,0,0.0%,0.0%,0.0,0.0,0.0,0.0,0.5%,1,0.0,-0.0,-0.0,0.0,0.11,0.03,0.14
Romeo Beckham,FTL,2021,W,408,4,1,0,0.1,-0.09,-0.1,3,0,0.41,-0.41,0.51,0.0,0.09,114,50.0%,65.2%,-17.34,-15.21,21.52,4.07,4.4%,6,-0.23,-0.11,0.06,-0.04,-0.25,-0.15,-0.72
Ronaldo Lomeli,MAD,2021,FB,222,4,2,0,0.2,0.28,-0.2,4,0,0.16,-0.16,0.36,0.0,0.15,133,82.0%,81.2%,0.96,0.72,19.69,2.72,4.8%,5,0.06,0.02,0.01,0.03,-0.04,0.05,0.14
Ronaldo Pineda,CHA,2021,FB,1272,18,4,0,0.67,-0.06,-0.67,8,0,0.59,-0.59,1.26,0.0,0.51,598,74.9%,75.2%,-1.64,-0.27,21.79,5.08,5.4%,24,0.06,-0.13,-0.02,0.39,-0.44,-0.11,-0.26
Ryan Sierakowski,"MAD, NER",2021,ST,2031,41,11,6,5.18,-1.77,0.82,11,0,1.07,-1.07,6.25,4.28,4.2,483,71.4%,72.7%,-6.22,-1.29,15.71,-0.35,4.3%,27,-0.47,-0.28,-0.18,-0.41,-0.06,-0.06,-1.45
Ryan Spaulding,NER,2021,FB,2522,52,7,3,2.46,-0.74,0.54,26,1,2.45,-1.45,4.91,1.13,1.32,1566,80.1%,78.9%,18.53,1.18,17.84,3.08,11.3%,28,0.38,0.12,0.68,-0.15,0.26,0.72,2.01
Sami Guediri,FTL,2021,CM,76,2,0,0,0.06,-0.06,-0.06,2,0,0.12,-0.12,0.17,0.0,0.04,43,81.4%,79.1%,0.99,2.3,18.16,3.98,4.1%,2,0.05,0.0,-0.0,-0.04,0.08,0.02,0.11
Samuel Biek,TUC,2021,CB,413,4,0,0,0.43,-0.43,-0.43,1,0,0.06,-0.06,0.49,0.0,0.38,289,90.0%,88.0%,5.76,1.99,25.61,9.62,7.8%,7,0.01,-0.07,0.15,0.21,0.06,0.05,0.42
Sean O'Hearn,NER,2021,CB,1997,8,1,0,0.15,0.14,-0.15,12,1,0.87,0.13,1.02,0.0,0.09,1343,78.5%,77.9%,8.15,0.61,25.49,12.25,10.5%,24,0.12,0.08,0.88,0.98,-0.52,-0.18,1.36
Sebastian Capozucchi,CHA,2021,CB,1159,1,0,0,0.02,-0.02,-0.02,3,0,0.33,-0.33,0.34,0.0,0.01,509,84.5%,81.0%,17.62,3.46,20.59,5.8,7.1%,15,-0.02,-0.22,-0.62,0.04,-0.22,-0.14,-1.17
Sebastian Mora-Mora,CHA,2021,GK,900,0,0,0,0.0,0.0,0.0,0,0,0.0,0.0,0.0,0.0,0.0,260,79.2%,77.5%,4.38,1.69,29.15,19.96,5.7%,9,,,,,,,
Selmir Miscic,NC,2021,W,1548,36,16,4,6.14,-1.08,-2.14,17,3,0.85,2.15,6.99,2.0,3.51,433,73.2%,74.7%,-6.64,-1.53,18.59,-0.09,4.2%,25,0.03,0.42,-0.29,-0.38,0.57,0.13,0.49
Sergi Nus,TRM,2021,CB,1955,5,2,0,0.37,-0.1,-0.37,3,0,0.16,-0.16,0.53,0.0,0.21,992,85.3%,83.1%,21.54,2.17,24.27,8.93,8.4%,23,-0.07,0.17,-0.42,-0.36,-0.27,-0.13,-1.08
Shaan Hundal,FTL,2021,ST,2029,40,19,11,9.8,-0.89,1.2,20,3,2.67,0.33,12.47,5.95,6.44,341,71.3%,77.0%,-19.63,-5.76,15.14,-1.03,3.8%,27,-0.19,-0.08,-0.14,0.24,1.35,-0.01,1.18
Shak Adams,TUC,2021,W,1833,29,13,8,4.12,-0.03,3.88,24,2,2.61,-0.61,6.73,5.41,1.96,450,78.0%,78.4%,-1.75,-0.39,15.95,-1.71,4.6%,25,1.37,-0.11,0.08,-0.61,0.15,-0.05,0.84
Shermaine Martina,NC,2021,CB,717,1,1,0,0.05,0.12,-0.05,0,0,0.0,0.0,0.05,0.0,0.05,474,86.3%,84.5%,8.37,1.77,26.6,10.08,8.1%,11,-0.03,0.0,-0.1,-0.09,-0.17,-0.08,-0.45
Stanley Alves,RIC,2021,ST,561,12,5,0,0.72,0.29,-0.72,5,1,0.66,0.34,1.38,0.0,0.54,148,66.2%,70.4%,-6.21,-4.19,16.47,0.87,3.9%,12,-0.12,-0.06,0.0,-0.02,0.08,-0.02,-0.13
Stefan Mueller,TRM,2021,FB,1464,10,7,4,1.63,0.76,2.37,15,1,1.37,-0.37,2.99,2.54,1.32,572,76.4%,76.2%,0.92,0.16,19.63,0.78,6.4%,18,-0.28,0.07,-0.59,-0.68,0.49,0.15,-0.84
Steffen Yeates,TOR,2021,CM,1365,18,4,0,1.51,-0.8,-1.51,14,1,0.93,0.07,2.44,0.0,1.21,701,85.5%,85.8%,-2.3,-0.33,20.45,2.98,7.0%,20,0.45,-0.38,-0.06,0.21,-0.3,-0.11,-0.2
Themi Antonoglou,TOR,2021,W,912,12,6,3,1.74,0.35,1.26,19,1,1.93,-0.93,3.67,2.86,1.85,277,76.5%,75.2%,3.65,1.32,20.56,0.37,3.3%,19,0.41,-0.09,0.17,0.23,-0.24,0.03,0.51
Thibaut Jacquel,NTX,2021,ST,816,24,12,4,2.98,0.81,1.02,10,0,1.03,-1.03,4.01,4.54,2.34,240,74.2%,76.6%,-5.84,-2.43,16.08,-0.74,3.6%,15,-0.1,-0.35,0.39,-0.39,-0.13,0.08,-0.5
Thorn Simpson,NC,2021,ST,958,24,8,1,3.62,-2.0,-2.62,2,0,0.32,-0.32,3.94,0.65,2.42,166,70.5%,74.4%,-6.58,-3.96,14.91,-4.13,2.9%,20,-1.15,-0.13,-0.07,-0.48,0.95,0.03,-0.85
Tim Trilk,CHA,2021,GK,1908,0,0,0,0.0,0.0,0.0,0,0,0.0,0.0,0.0,0.0,0.0,660,84.5%,84.9%,-2.23,-0.34,28.65,17.78,6.7%,19,,,,,,,
Tobenna Uzo,TUC,2021,ST,817,27,8,2,2.18,-0.46,-0.18,10,0,0.92,-0.92,3.11,0.43,1.34,187,64.2%,70.7%,-12.19,-6.52,13.76,-1.42,5.1%,11,-0.29,0.23,-0.03,-0.36,1.07,-0.03,0.59
Tobias Otieno,OMA,2021,CM,1634,18,3,1,0.7,-0.25,0.3,12,3,1.56,1.44,2.26,0.21,0.36,802,77.1%,79.3%,-17.57,-2.19,20.96,5.23,8.3%,23,0.22,-0.19,0.37,0.16,-0.38,-0.13,0.05
Ty Johnson,RIC,2021,ST,18,0,0,0,0.0,0.0,0.0,0,0,0.0,0.0,0.0,0.0,0.0,3,33.3%,73.8%,-1.21,-40.47,6.97,3.1,1.6%,1,-0.01,0.01,-0.01,0.01,-0.02,-0.01,-0.03
Tyler Allen,MAD,2021,FB,1582,18,3,0,0.91,-0.42,-0.91,15,0,0.88,-0.88,1.79,0.0,0.96,611,73.8%,77.4%,-22.05,-3.61,17.51,-1.03,5.6%,25,-0.27,0.01,-0.21,-0.82,-0.01,-0.11,-1.42
Tyler Freitas,NER,2021,FB,477,1,0,0,0.01,-0.01,-0.01,2,0,0.18,-0.18,0.19,0.0,0.01,241,83.8%,85.4%,-3.86,-1.6,20.03,1.33,5.0%,9,-0.16,-0.0,0.06,-0.21,-0.07,-0.06,-0.44
Tyler Polak,GVL,2021,FB,2661,8,0,0,0.39,-0.39,-0.39,14,1,1.22,-0.22,1.61,0.0,0.29,1227,80.5%,78.0%,31.06,2.53,20.56,6.36,9.9%,28,-0.18,0.29,0.43,-0.28,-0.49,-0.26,-0.48
Ualefi,CHA,2021,DM,874,2,2,0,0.08,0.19,-0.08,3,0,0.1,-0.1,0.19,0.0,0.02,370,88.1%,86.1%,7.29,1.97,21.94,3.44,4.7%,16,-0.05,0.05,0.1,-0.03,-0.22,-0.13,-0.29
Venton Evans,FTL,2021,W,1569,35,15,4,2.97,0.37,1.03,8,2,1.35,0.65,4.33,1.19,1.4,410,77.6%,79.1%,-6.29,-1.53,17.7,-1.75,5.4%,21,-0.63,-0.42,0.19,-0.4,0.04,0.01,-1.22
Victor Falck,RIC,2021,CM,1689,13,4,0,0.71,-0.28,-0.71,8,1,0.27,0.73,0.98,0.0,0.64,662,76.9%,77.6%,-4.79,-0.72,22.96,6.96,7.4%,22,0.07,0.04,0.03,0.08,-0.25,-0.26,-0.28
Vincenzo Candela,TRM,2021,CM,912,13,5,0,0.56,-0.2,-0.56,5,1,0.44,0.56,1.0,0.0,0.47,376,86.2%,84.8%,5.12,1.36,20.45,2.85,4.2%,20,-0.1,0.0,0.51,-0.15,-0.32,-0.1,-0.17
Wallis Lapsley,TUC,2021,GK,2672,0,0,0,0.0,0.0,0.0,0,0,0.0,0.0,0.0,0.0,0.0,735,76.2%,74.5%,12.73,1.73,31.96,23.11,5.4%,27,,,,,,,
William Mejia,GVL,2021,W,44,0,0,0,0.0,0.0,0.0,0,0,0.0,0.0,0.0,0.0,0.0,11,72.7%,69.9%,0.31,2.83,23.51,15.23,0.8%,4,-0.02,-0.0,-0.03,0.0,-0.03,-0.02,-0.09
Yannik Oettl,NER,2021,GK,195,0,0,0,0.0,0.0,0.0,0,0,0.0,0.0,0.0,0.0,0.0,50,84.0%,79.6%,2.21,4.42,29.07,21.85,3.2%,3,,,,,,,
Yekeson Subah,NC,2021,ST,25,1,0,0,0.43,-0.43,-0.43,0,0,0.0,0.0,0.43,0.0,0.74,6,50.0%,48.8%,0.07,1.23,12.11,-8.68,0.9%,2,-0.02,0.01,-0.01,-0.01,0.24,0.0,0.21
Yoskar Galvan,OMA,2021,W,46,0,0,0,0.0,0.0,0.0,0,0,0.0,0.0,0.0,0.0,0.0,14,64.3%,72.8%,-1.19,-8.5,15.78,1.73,1.8%,2,-0.02,0.0,-0.0,-0.01,-0.04,-0.03,-0.09
Zacarías Morán Correa,RIC,2021,DM,2438,12,2,1,0.3,0.22,0.7,38,3,3.32,-0.32,3.62,1.54,0.25,1086,77.5%,76.3%,13.3,1.22,24.64,9.43,10.5%,25,0.1,-0.13,-0.02,0.91,-0.63,-0.28,-0.05
